text,true_class,predicted_class,confidence,text_length,word_count
"﻿काठमाडौं—गैरआवासीय नेपाली संघ (एनआरएनए) का आइसीसी सदस्य अनुज थापालाई महानगरीय प्रहरी परिसरले काठमाडौंबाट पक्राउ गरेको छ। एनआरएनएको आठौं ग्लोबल सम्बेलनमा सहभागी हुन काठमाडाैं आएका उनलाई ७ करोड रुपैयाँ ठगी अभियोगमा प्रहरीले पक्राउ गरी हिरासतमा लिएको हो। एनअारएन जापानकाे पछिल्लाे निर्वाचनमा उनी सहमतिबाट अाइसीसी सदस्य चयन भएका थिए। गैरअावासीय नेपाली संघमा अाइसीसी सदस्य भनेको केन्द्रीय सदस्यको पद हो। एनआरएन सम्मेलनमा थापा नेपाल आएको जानकारी पाएपछि उनी पनि नेपाल आएर थापाविरुद्ध नेपाल प्रहरीमा उजुरी दिएका थिए। महानगरीय प्रहरी परिसरका एसएसपी रवीन्द्र धानुकका अनुसार उनीविरुद्ध ठगी अभियोगमा काठमाडौं जिल्ला अदालतबाट न्यायिक हिरासतमा राख्ने अनुमती लिई ठगी अभियोगमा अनुसन्धान भइरहेको छ। थापाले जापानमा रहेको एउटा विश्व विद्यालयको शाखा नेपालमा खोल्छु भनेर एक प्रोफेसरसँग ७ करोड नेपाली रुपैयाँ लिएका थिए। सो रकम नेपालमा विश्वविद्यालयको शाखा नखोली उनले निजी घर र गाडी किन्न प्रयोग गरेका थिए। त्यही घर धितो राखेर थापाले बैंकबाट ऋण निकालेका थिए। २०७२ को भूकम्पले उनको घर चर्किएपछि फेरि मर्मतका लागि भन्दै बैंकबाट अर्को किस्ता ऋण झिकेका थिए। नेपालमा विश्वविद्यालयको शाखा खोल्न पैसा दिएको वर्षौं बितिसक्दा पनि कुनै प्रगति भएको नेदेखेपछि उनलाई पैसा उपलब्ध गराउने जापानी प्राध्यापकले थापासँग पैसा फिर्ता मागेका थिए। जापानमा पैसा फिर्ता मागेपछि उनी लामो समय नेपालमै बस्न थालेका थिए। अाफू नेपाल बस्न थालेपछि उनले टाेकियको रेष्टुराँ ठेक्कामा लगाएका थिए। गैरअावासीय नेपाली संघ जापानकाे पछिल्लाे निर्वाचनमा थापा अध्यक्ष प्रत्यासी बनेका थिए। धेरै समय नेपालमा बस्ने मान्छे नेतृत्वमा रहँदा काममा असर पर्ने भन्ने अावाज उठेपछि सहमतिमा नेतृत्व चयन गर्दा उनी अाइसीसी सदस्य निर्विराेध निर्वाचित भएका थिए। त्यस अघि उनी एनअारएन जापानकाे महासचिव पदमा थिए। पक्राउ परेका थापा नेपाल पर्यटन बाेर्डका जापानस्थित पर्यटन प्रतिनिधि पनि हुन्। एनआरएन सम्मेलनका लागि थापा नेपाल आएको जानकारी पाएपछि जापानी प्राेफेसर काठमाडाैं अाएर प्रहरीमा ठगी उजुरी दर्ता गराएका थिए। महानगरीय प्रहरी परिसरका एसएसपी रवीन्द्र धानुकका अनुसार उनीविरुद्ध ठगी अभियोगमा काठमाडौं जिल्ला अदालतबाट न्यायिक हिरासतमा राख्ने अनुमती लिई ठगी अभियोगमा अनुसन्धान भइरहेको छ। 'ठगी अभियोगमा बिहीबार पक्राउ परेका थापालाइ अदालतबाट म्याद लिएर थुनामा राखिएको छ। उनको ठगीबारे प्रहरीले अनुसन्धान गरिरहेको छ', एसएसपी धानुकले भने। अनुसन्धानमा संलग्न एक प्रहरी अधिकृतका अनुसार थापाले ठगी धन्दाकाे अनुसन्धानमा प्रहरीलाइ असहयोग गरिरहेका छन्। आफू नेपाली सेनाको कर्नेलको छोरा भएको र माथिसम्मै पहुँच भएको बताउँदै उनले प्रहरीलाई धम्क्याउने गरेका ती प्रहरी अधिकृतले नागरिकन्युजलाइ बताए।",Society,Migration,0.9917367,2393,350
"﻿वीरगञ्ज, ५ असोज । वीरगञ्जमा भव्यताका साथ विश्व शान्ति दिवस मानइएको छ । अन्तर्राष्ट्रिय शान्ति दिवसको उपलक्ष्यमा स्थानीय शान्ति समिति पर्साले शान्ति दिवसको उपलक्ष्यमा आयोजना गरेको कार्यक्रममा मङ्गलबार बिहान वीरगञ्जको घन्टाकरबाट प्रभातफेरी गरी माइस्थानमा कोणसभा गरिएको थियो । कार्यक्रममा शान्ति समितिका संयोजक प्रदिप यादव र पर्साका प्रमुख जिल्ला अधिकारी केशवराज घिमिरेले शान्तिको प्रतिक दुइ जोड परेवालाई उडाएर विश्वमा स्थायी शान्तिको कामना गरेका थिए । साथै कोणसभामा सम्बोधन गर्दै संयोजक प्रदिप यादवले शान्तिपूर्ण मैत्री वातावरण बनाउन सरकरले विशेष पहल गर्नुपर्ने आवश्यकता रहेको बताएका थिए । उनले शोषित पीडितको नाउमा जनयुद्ध गरेको माओवादी सरकारको नेतृत्व गरेपनि जनयुद्धका पीडितहरुले क्षतिपूर्ति पाउन नसकिनु बिडम्बना भएको बताउँदै पर्साको झबरावासीलाई अबिलम्ब क्षतिपूर्ति दिन अनुरोध गरे । नेता यादवले जनयुद्धको समयमा माओवादीको नाममा पर्साको झबराहामा भएको झडपका पीडितहरुले अहिलेसम्म क्षतिपूर्ति नपाउनु बिडम्बना भएको बताएका थिए । साथै उनले विगत २ सय बर्षदेखि शोषित पीडितहरुले संविधानमा अधिकार नपाएसम्म मुलुकमा स्थायी शान्ति नआउने बताउँदै संविधान संशोधन गरेर मधेसी, जनजाती, मुस्लिम, दलीत सबैको अधिकार सुनिश्चित गर्ने तर्फ विशेष पहल गर्न सरकारसँग माग समेत गरे । कार्यक्रममा पर्साका प्रमुख जिल्ला अधिकारी केशवराज घिमिरेले शान्तिबाट नै मुलकको विकास हुने बताउँदै सबैले समुदाय र दलहरुले स्थायी शान्तिको लागी विशेष पहलगर्नु पर्ने बताए । शान्ति समितिका संयोजक प्रदिप यादवको नेतृत्वमा सम्पन्न भएको कार्यक्रममा प्रमुख जÞिल्ला अधिकारी केशव राज घिमिरेलगायत विभिन्न सुरक्षा निकायका प्रमुख तथा सद्भानापार्टीका महासचिव शिव पटेल, प्रेमबाबु पटेललगायत विभिन्न राजनीतिक दलका प्रतिनिधी, पत्रकार समाजसेवी लगायतका उपसिथती रहेका थिए ।",World,Politics,0.9887058,1603,227
"﻿ २८ साउन, गुल्मी । स्थानीय उत्पादनलाई प्रोत्साहन गर्न भन्दै गुल्मीमा कोशेली घरको नयाँ साे-रुम सुचारु भएको भएको छ । कोशेली घर सहकारी संस्थाद्धारा सञ्चालित कोशेली घर पसलमा स्थानीयस्तरमा घरेलु तथा साना उद्यमीहरुले उत्पादन गरेका विभिन्न बस्तुहरुलाई बजार उपलब्ध गराइने छ । सदरमुकाम तम्घासको पुतलीबजारमा कोशेली घरको साे-रुमको गुल्मीका पमुख जिल्ला अधिकारी उदय रानाले उद्घाटन गरे । साे-रुमको उद्घाटन गर्दै प्रमुख जिल्ला अधिकारी रानाले जिल्लामा घरेलु तथा साना उद्यमीले उत्पादन गरेर बजार नपाएका त्यस्ता बहुमुल्य सामाग्रीहरुलाई बिक्री बितरण गर्न यो घरले ठुलो सहयोग गर्ने बताए । घरेलु उद्यमीहरुले उत्पादन गरेका वस्तुलाई कहाँ लगेर बेच्ने भन्ने समस्या पनि हट्ने उनको भनाइ थियो । स्थानीयस्तरमा उत्पादन भएका घरेलु सामाग्रीहरुको बिक्री बितरण गरेर घरेलु साना उद्यामीहरुको जीवनस्तरमा परिर्वतन ल्याउन यसले मुख्य भूमिका खेल्नेमा आफु विश्वस्त रहेको प्रजिअ रानाले बताए । तीन वर्ष पहिलेबाट गुल्मीमा कोशेली घरको स्थापन भएपनि व्यवस्थित रुपमा भने घरेलु तथा साना उद्यामीहरुबाट उत्पादित सामाग्रीहरुको विक्री बितरण भएको थिएन । केहि उद्यमीहरुबाट उत्पादित सामाग्रीहरु कोशेली घरले बिक्री बितरण गरेपनि व्यवस्थित रुपमा भने सञ्चालनमा आउन सकेको थिएन । कोशेली घरमा जिल्लामा स्थानिय स्तरमा घरेलु तथा साना उद्यमीहरुले उत्पादन गरेका सेरामिक्सका सामाग्री, वाँसबाट बनेका सामाग्री,क्रिष्टलका गहना, हातले बुनेका सुइटर झोला लगायत बिभिन्न सामाग्रीहरु, गिफ्टका सामाग्रीहरु र घरेलु उत्पादित विभिन्न खाद्य सामाग्रीहरु पाइने कोशेली घर सहकारी संस्थाका सचिव हरि पोखरेलले जानकारी दिए । साना उद्यमीहरुले घरमै बसेर उत्पादन गरेका बिभिन्न वस्तुहरुलाई यो घरले बिक्री बितरण गर्न मद्दत गरेर साना उद्यमीहरुलाई आत्मनिर्भर बन्न प्रेरित गर्न पनि यसले मद्धत गर्ने पोखरेलले बताए । बिदेशी उत्पादन भन्दा स्वदेशी तथा स्थानीय स्तरमा उत्पादन भएका सामाग्रीहरुको प्रयोग गर्न उनले जोड दिए ।",Tourism,Economy,0.9870996,1716,253
﻿अन्तर्राष्ट्रिय क्रिकेट परिषद (आइसीसी)बाट निलम्बनमा परेपछि विवादमा रुमल्लिइरहेको नेपाली क्रिकेट थप अन्योलमा धकेलिएको छ। १९८८ मा एफिलिएट सदस्य हुँदै आइसीसीसँग आबद्ध नेपाली क्रिकेट प्रशासनले भोगेको यो अहिलेसम्मको सबभन्दा ठूलो कारबाही हो। नागरिक दैनिकमा समाचार छ। आइसीसीले सोमबार सरकारी हस्तक्षेपको कारण देखाउँदै नेपाली क्रिकेट संघ (क्यान)लार्इ निलम्बन गरेको थियो। विवाद समाधान नगरेसम्म भन्दै आइसीसीले क्यानमाथि निलम्बन निर्णय गर्दा अन्तर्राष्ट्रिय सहभागिता भने नरोक्ने प्रस्ट पारेको ...,Entertainment,Sports,0.9865694,485,64
"﻿ १३ भदौ, काठमाडौं । रिलायबल डेभलपमेन्ट बैंकले चार चक्के सवारी साधन अर्थात् हायर पर्चेज कर्जामा विशेष योजना ल्याएको छ्र । बैंकले अटो मेलालाई लक्षित गर्दै यो योजना ल्याएको हो । कार, बस, ट्रक, क्रेन, डोजर, ट्यांकर, एक्स्काभेटरलगायत निजी तथा सार्वजनिक सवारीसाधन खरिदका लागि सरलरुपमा कर्जा उपलब्ध गराउने बैंकले जनाएको छ । त्यसका लागि बैंकले ९ प्रतिशत व्याज लिने जनाएको छ । बैंकका १७ शाखाबाट कागजात पेश गरेको पाँच दिनभित्र कर्जा उपलब्ध गराउने बैंकले दाबी गरेको छ ।",Automobiles,Bank,0.9852228,459,78
"﻿ १२ साउन, पोखरा । कास्की भरतपोखरीका सुदनराज अधिकारी सुन्तलाको उत्पादन घट्न थालेपछि पाउलोनियातर्फ आकर्षित भएका छन् । सुन्तलाको पकेट क्षेत्र मानिने कास्कीको भरतपोखरीमा हाल सुन्तलाको उत्पादन हृवात्तै घटेपछि उनले विदेशी प्रजातीको पाउलोनिया लगाएका हुन् । उनले पहिलेको भरतपोखरी वडा नम्बर-४ र हाल लेखनाथ वडा नम्बर-१७ को बाघमारास्थित चैनपुर गाउँमा पाउलोनिया लगाएका छन् । दुई वर्षअघि पाउलोनिया खेती शुरु गरेका उनले हाल यसको व्यवसायिक रुपमा खेती सुरु गरेका छन् । ५/७ वटा विरुवाबाट शुरु गरेका उनले हाल चार हजार दुई सय विरुवा लगाइसकेका छन् । उनले भरतपोखरीमा एक हजार दुई सय र लेखनाथको देउरालीमा तीन हजार विरुवा रोपेका छन् । भरतपोखरीमा २० रोपनी क्षेत्रफलमा १२ सय विरुवा र लेखनाथको देउरालीमा ७० रोपनी जग्गामा तीन हजार विरुवा रोपेको उनले बताए । चाँडै दमौली साईडमा साथीहरुसँग मिलेर ५/७ हजार विरुवा रोप्ने तयारीमा रहेको उनको तयारी छ । पाउलोनिया लगाउनुअघि उनी सुन्तला खेती व्यवसायीक रुपमै गर्थे । हाल पाउलोनिया लगाएको पाखो बारिमा टन्न सुन्तलाको रुख थियो । तर पछिल्लो समय सुन्तालाको उत्पादन हृवात्तै घट्नुका साथै बोटपनि मर्न थालेपछि पाउलोनिया लगाएका हुन् । पाउलोनिया अमेरिका र चीनमा पाइने रुख हो । यसको विरुवा हरेक चार/चार मिटरको फरकमा लगाउनुपर्छ । यसलाई प्रशस्त मल आवश्यक पर्छ । मलको सन्तुलन मिलेको खण्डमा एक वर्षमै २० देखी ३० मिटरसम्म अग्लो हुने कृषक सुदनराज अधिकारीले बताए । हलक्क बढ्ने सलक्क परेको यो १० वर्षमा काट्न लायक रुख बन्छ । यो रुख फर्निचर बनाउनका लागि उपयुक्त काठ हुने अधिकारीको भनाई छ । काट्ने बेलासम्ममा ४० देखी ७० क्यू फिटसम्म काठ निस्कने बताइन्छ । जसलाई बेचेर प्रतिरुख एकदेखि डेढलाख सम्म आम्दानी हुने अधिकारीको भनाई छ । रुख राम्रोसँग हुर्केको खण्डमा पाउलोनियाको रुख दुई मिटर गोलाई र ७० फुटसम्म उचाई हुन्छ । भाइ सुरजराजसहित परिवारको सहयोगमा पाउलोनिया लगाएका अधिकारी परिवारले बेर्ना समेत आफैले उत्पादन गर्ने गरेका छन् । उनीहरुले आफूले लगाउने बेर्ना मात्र पुर्‍याएका छैनन्, उत्पादित बेर्ना अन्य कृषकलाई बेचेर प्रशस्त आम्दानी पनि गरेका छन् । गत बर्ष करीब २० हजार विरुवा उत्पादन गरेर बेचेका उनीहरुले यस वर्ष ४० हजार बेर्ना उत्पादन गरेका छन् । त्यसमध्ये अधिकांश बेचिसकेको सुदनराजले बताए । पाउलोनियाको एउटा बेर्नाको एक सयमा विक्री गर्ने गरेको उनले बताए । बेर्ना बेच्न थालेपछि कास्कीमा पाउलोनिया लगाउनेको संख्या बढेको उनको भनाइ छ । साथै पाउलोनियाका बारेमा बुझ्न मानिसहरु दिनहुँ आउने गरेपनि उनले बताए । एक वर्षमै विरुवा हलक्क बढेपछि अधिकारी परिवार दङ्ग परेका छन् । बेर्ना लगाउँदा २/४ वटा विरुवा मर्नुबाहेक अरु रोग नलाग्ने सुदनराजको दाबी छ । शुरुमा बेर्ना सार्दा ढुसीले मर्ने भएपनि औषधी प्रयोग गरेपछि त्यसबाट बचाउन सकिने उनले बताए । पाउलोनिया वातावरणको लागि पनि लाभदायक रहेको उनले बताए । अन्य वनस्पती भन्दा १० गुणा बढी कार्वनडाईअक्साइड ग्रहण गर्ने र १० गुणा नै बढी अक्सिजन फ्याँक्ने उनको दाबी छ ।",Employment,Economy,0.9849887,2584,431
"﻿२१ मंसिर, काठमाडौं । उद्योग मन्त्रालयले निजी बैंकहरुसँग समन्वय गरेर साना उद्योगीहरुलाई सहुलियतमा ऋण दिने तयारी थालेको छ । मंगलबार उद्योग मन्त्री नवीन्द्रराज जोशीले बैंकर्सहरुसँग सामुहिक छलफल गरी साना उद्योगी र कम आय भएका व्यक्तिलाई स्वरोजगार बनाउन बैंकिङ प्रवाहमा ल्याउन सकिने उपायका बारेमा छलफल गरेका हुन् । मन्त्री जोशीले सरकारले निजी बैंकहरुसँगको सहकार्यमा स्थानिय स्तरमा प्रवाह भएको ऋणको केही प्रतिशतको सुरक्षाको प्रत्याभूति गर्ने नीतिगत व्यवस्था गरेर भएपनि लगानी बढाउने वातावरण बनाउने बताए । उनले वैधानिक रुपमा लगानी गरेको उद्योगमा निजी बैंकहरुले सहज रुपमा लगानी गर्नुपर्ने धारणा पनि राखे । छलफलमा निजी बैंक सञ्चालकहरुले सरकारले स्पष्ट नीति नल्याएसम्म सहज रुपमा लगानी गर्न नसकिने बताए । उनीहरुले विगतमा सरकारले स्पष्ट नीति तय नगरी ल्याएका युवा स्वरोजगारलगायतका कार्यक्रम प्रभावकारी नभएको भन्दै बैंकहरुले सुरक्षाको प्रत्याभूति हुने कानुनी आधार नभएसम्म लगानी गर्न नसक्ने स्पष्ट पारे । बैंकर्सहरुले सरकारले नीतिगत स्पष्टता पार्न सके सबै नेपालीलाई बैंकिङ प्रवाहमा ल्याउन बैंक तथा बित्तीय संस्थाहरु सक्षम रहेको दावी पनि गरेका छन् ।",Economy,Bank,0.9843231,1032,153
"﻿ २३ भदौ, काठमाडौं । अब सैद्दान्तिक सहमति गरेर मर्जरमा नजाने बैंक तथा वित्तीय संस्थाहरुलाई कारवाही हुने भएको छ । मर्जरको सैद्दान्तिक सहमति गरेका संस्थाहरु प्रक्रियाबाट बाहिरिने प्रवृत्ति बढ्न थालेपनि राष्ट्र बैंकले यस्तो व्यवस्था गरेको हो । राष्ट्र बैंकले बिहीबार ‘बैंक तथा वित्तीय संस्था एक आपसमा गाभ्ने गाभिने सम्बन्धी विनियमावली- २०७३’ जारी गर्दै मर्जर प्रक्रिया तोड्ने संस्थाका सञ्चालकलाई अयोग्य घोषणा गरी ठूला अर्थात् आधारभूत सेयरधनीको शेयर खरिद बिक्री रोक्ने व्यवस्था गरेको छ । त्यसैगरी, नयाँ व्यवस्था अनुसार निश्चित समयसम्म राष्ट्र बैंकले मर्जर वा एक्विजिशन प्रक्रियामा सामेल हुन रोक लगाउने भएको छ । त्यस्ता संस्थालाई ३ वर्षसम्म शाखा खोल्न नदिइने र राष्ट्र बैंकले उपलब्ध गराउने सुविधा पनि उपलब्ध नगराउने नियमावलीमा उल्लेख छ । गाभ्ने/गाभिने वा प्राप्तिमा संलग्न संस्थाहरुबीच कुनै विवाद परेमा राष्ट्र बैङ्कले मध्यस्थता गर्न सक्ने र यस्तो मध्यस्थताको सम्बन्धमा राष्ट्र बैङ्कले दिएको निर्णय अन्तिम हुने बिनियमावलीमा उल्लेख छ । राष्ट्र बैंकले मर्जरसम्बन्धी नीति २०५८ र एक्वीजिसन सम्बन्धी नीति २०७० लाई संसोधन गर्दै दुबै नीतिलाई गाभेर ‘बैंक तथा वित्तीय संस्था एक आपसमा गाभ्ने गाभिने सम्बन्धी विनियमावली- २०७३’ ल्याएको हो । स्वाप रेसिसो गणना विधिलाई जटिल बनाइयो राष्ट्र बैंकले विनियमावलीले सेयर स्वाप रेसियो गणाना विधिलाई पनि थप बैज्ञानिक र जटिल बनाएको छ । नयाँ व्यवस्थाले मर्जर वा प्राप्तिमा जाने संस्थाहरुको सम्पत्तीको मूल्यांकन गर्दा संस्थाको ‘गुडविल’ समावेस गर्न नपाइने र प्रचलित बजार मूल्यमा आधारित हुनुपर्ने व्यवस्था गरेको हो । राष्ट्र बैंकले गाभ्ने गाभिने संस्थाहरुको गणना गरिएको समायोजित खुल सम्पतिलाई ७५ प्रतिशत, ब्यवसायिक मूल्यांकनलाई २० प्रतिशत र नेपाल स्टक एक्सचेन्जबाट प्रकाशित पछिल्लो १८० दिनको औषत कारोबार मूल्यको आधारमा तय हुने रकमलाई पाँच प्रतिशत भाराङ्क दिइ आधार नेटवर्थ गणना गर्नु पर्ने नयाँ व्यवस्थासमेत गरेको छ । आधार नेटवर्थ निस्किएपछि त्यसको आधारमा प्रति सेयर आधार नेटवर्थ गणना गर्नु पर्ने हुन्छ । यसरी गणना गरिएको प्रति सेयर आधार नेटवर्थमध्ये गाभ्ने वा गाभिने जुन संस्थाको वढी छ त्यसलाई एक बराबर मानी बाकी संस्थाहरुको हिसाव गरी सेयर स्वाप अनुपात गणना गर्नु पर्ने व्यवस्थासमेत गरिएको छ । त्यसैगरी, घरजग्गा, जमिन, सवारी साधन, मेशिनरीको मुल्यांकन गर्दा व्यवसायिक विज्ञहरुको प्रतिवेदनको आधारमा गर्नुपर्ने व्यवस्था गरिएको छ । राष्ट्र बैंकले गाभ्ने/गाभिने संस्थाहरुको गणना गरिएको समायोजित खुद सम्पतिलाई ७५ प्रतिशत, ब्यवसायिक मूल्यांकनलाई २० प्रतिशत र नेपाल स्टक एक्सचेन्जबाट प्रकाशित पछिल्लो १८० दिनको औषत कारोबार मूल्यको आधारमा तय हुने रकमलाई पाँच प्रतिशत भाराङ्क दिइ आधार नेटवर्थ गणना गर्नुपर्ने भएको छ । समस्याग्रस्त संस्था मर्जरका लागि अयोग्य विनियमावलीमा उल्लेख भएअनुसार समस्याग्रस्त अवस्थामा रहेका संस्था मर्जरका लागि अयोग्य हुनेछन् । त्यस्ता संस्थाहरु एक्वायरमा मात्रै सहमागि बन्न सक्नेछन्। तर, राष्ट्र बैंकले बैंकले समस्याग्रस्त संस्था समस्याग्रस्त संस्थाहरुलाई तल्लो वर्गको संस्थाले प्राप्ति गरी तल्लो वर्गमै रहन छुट दिएको छ । त्यसैगरी, मर्जर वा एक्विजिशन पश्चात् निष्कृय कर्जा अनुपात बढ्न गएमा पनि अवस्था हेरी राष्ट्र बैंकले तोकेका वित्तीय पहुँच न्यून रहेका जिल्लाहरुमा शाखा कार्यालय खोल्न छुट दिने विनियमावलीमा उल्लेख छ । गाभिएको वा प्राप्ति (एक्विजिशन) को कारण प्रमुख कार्यकारी अधिकृत वा कर्मचारीले तोकिएको सीमाभन्दा बढी शेयर धारण हुन गई पदमा बहाल रहन योग्य नहुने स्थिति सृजना भएमा समेत बाँकी कार्यकाल वा सेवा अवधि पूरा गर्न छुट दिइने छ ।",Economy,Bank,0.9841322,3168,477
"﻿एक दिन प्राध्यापक अरूण गुप्तोलाई छोरी पल्लवीले सोधिछन्, ‘बाबा! म बंगाली कि नेपाली? मेरो पहिचान के हो?’ त्रिभुवन विश्वविद्यालयको केन्द्रीय अंग्रेजी विभागमा वर्षौं समालोचना सिद्धान्त पढाएको अनुभव संगालेका गुप्तो दर्शनका गाह्रोभन्दा गाह्रो प्रश्नसँग जुधेका छन्। विश्वविद्यालयमा विद्यार्थीका निकै गह्रुङ्गा प्रश्न झेलेका छन्। सबैको चित्त बुझाउने प्रयास पनि गरेका छन्। छोरीको यो प्रश्न भने उनलाई सबभन्दा जटिल लाग्यो। गुप्तो परिवारको पुर्ख्यौली थलो बंगलादेश हो। समय क्रममा यो परिवार भारत...",Entertainment,Blog,0.9840015,485,68
"﻿४ असोज, काठमाडौं । तत्कालीन किष्ट बैंकका प्रबन्ध सञ्चालका कमलप्रसाद ज्ञवाली र उनकी श्रीमती गौरी खनाल ज्ञवालीलाई बैंकिङ कसूरमा दोषी ठहर गर्दै ३ वर्ष जेल सजायँ सुनाइएको छ । साथै १२ करोड ५० लाख रुपैयाँ जरिवाना तोकिएको छ । जम्को प्रकाशनका नाममा सिद्धार्थ डेभलपमेन्ट बैंकबाट साढे १२ करोड रुपैयाँ ऋण लिई कर्जा अपचलन गरेको अभियोगमा पुनरावेदन अदालत पाटनले मंगलबार ज्ञवाली दम्पत्तीलार्इ दोषी ठहर गरेको हो । न्यायाधीशद्धय डिल्लीप्रसाद आचार्य र प्रमोदकुमार श्रेष्ठको संयुक्त इजालसले ज्ञवाली दम्पतीलाई ३/३ वर्ष जेल सजाय र ६ करोड २५ लाख/६ करोड २५ लाख रुपैयाँ बिगो जरिवानाको फैसला सुनाएको छ । त्यसैगरी अदालतले सोही कर्जा प्रकरणमा संलग्न सिद्धार्थ डेभलपमेन्ट बैंकका कोमानन्द अधिकारीलाई ४ वर्ष जेल र ५ करोड ७४ लाख रुपैयाँ बिगो र धितो मुल्यांकनकर्ता किशोर ढकाललाई ४ वर्ष जेल र ५० लाख रुपैयाँ बिगो जरिवानाको फैसला सुनाएको छ । ६ करोड रुपैयाँ पर्ने सम्पत्ति धितो राखेर बैंकबाट ३ गुणा बढी कर्जा लिई त्यसको दुरुपयोग भएको भेटिएपछि केन्दि्रय अनुसन्धान व्यूरोले अढाई वर्षअघि मुद्दा दायर गरेको थियो । सीआइबीले मुद्दा दायर गरेपछि ज्ञवाली दम्पती फरार छन् । त्यतिमात्रै होइन, ज्ञावालीले तत्कालिन समयमा आफु प्रबन्ध सञ्चालक रहेको बैंक किष्टबाट पनि श्रीमति संलग्न रहेको जम्को प्रकाशनलाई १३ करोड रुपैयाँ ऋण प्रवाह गरी दुरुपयोग गरेका थिए । सो मुद्दामा भने अदालतबाट फैसला हुन बाँकी नै छ । तर, किष्ट बैंकलाई गाभेको प्रभु बैंकले भने ०७१ माघ १३ गते कमल ज्ञवालीको बैंकमा रहेको सेयर बेचेर सावाँ-व्याजसहित २३ करोड रुपैयाँ असूल गरिसकेको छ । तत्कालीन प्रभु विकास बैंकले ०७१ भदौ ३० गते किष्ट बैंकलाई गाभेर प्रभु बैंकको नाममा एकीकृत कारोबार गरेको थियो । गुल्मीको मध्यम वर्गिय परिवारमा जन्मेका ज्ञवालीले काठमाडौं आएर छोटो समयमै वित्तीय बजारमा चर्चा कमाएका थिए । किष्ट मर्चेण्ट बैंक खोलेर केही वाणिज्य बैंकमा स्तरोन्नति गरेका थिए । सञ्चालक र सीइओ दुबैको भूमिकामा रहेका उनले आफ्नी श्रीमति संलग्न रहेको संस्थालाई ऋण दिएर सो ऋण आफैंले घरजग्गा लगायतमा लगानी गरी दुरुपयोग गर्दै आएको तथ्य फेला परेपछि उनीविरुद्ध मुद्दा दर्ता भएको थियो । ज्ञवालीले जथाभावी ऋण प्रवाह गरेकै कारण तत्कालीन किष्ट बैंक डुब्ने स्थितिमा पुगेको थियो । तर, प्रभु समूहले सो बैंक खरिद गरी खराव कर्जा असुली थालेपछि किष्ट दुर्घटनाबाट जोगिएको थियो ।",Economy,Bank,0.98251855,2065,341
"﻿ सानिमा बैंकले ‘सानिमा मनि म्याक्सिमाइजेसन स्किम’ ल्याएको छ । यो योजनाअन्तर्गत ग्राहकहरुले आफूलाई पायक परेको समयमा कुनै पनि स्थानबाट ई–एकाउन्ट पोर्टलबाट स्वतः बचत खाताबाट मुद्दति खातामा रकमान्तर गर्न बैंकलाई निर्देशन दिन सकिनेछ । खातामा रहेको अधिक रकम स्वतः मुद्दति खातामा ट्रान्सफर हुने, ग्राहकले यस बैंकले प्रकाशित गरेको मुद्दति निक्षेप दरमा बढी ब्याजदर पाउने, स्वत नविकरण सेवा तथा मुद्दति निक्षेपलाई बन्द गर्नका लागी सजिलो विकल्प हुने बैंकद्वारा जारी विज्ञप्तिमा उल्लेख छ । ग्राहकहरुलाई थप जानकारी चाहिए वेबसाइटमा रहेको कनेक्ट अप्सनमा गएर आफ्नो सम्पर्क बिवरण दिन सकिने बैंकले जनाएको छ । ग्राहकहरुले एसएमएस तथा अन्य सार्वजनिक सञ्जाल (भाइवर, स्काईप, फेसबुक, ह्वाट्स्एप)द्वारा पनि बैंकसँग सम्पर्क गर्न सकिन्छ । सानिमाको ‘मनि म्याक्सिमाइजेसन’ योजना",Economy,Bank,0.9825125,748,110
"१२ कात्तिक, काठमाडौं । चालु आर्थिक वर्षको दोस्रो महिना (भदौ)मा देश ५ अर्ब ८७ करोड रुपैयाँले घाटामा देखिएको छ । देशको आम्दानी (भित्रने रकम)को तुलनामा खर्च (बाहिरीने रकम) धेरै भएपछि घाटामा गएको हो । देश भित्रने रेमिट्यान्सको वृद्धिदर घटेपनि आय व्यय सन्तुलन बिग्रिएको हो । रेमिट्यान्स भित्रने दर गत वर्षको तुलनामा चालु आवको दोस्रो महिनामा ०.७ प्रतिशतले मात्र बढेर १ खर्ब १५ अर्ब रुपैयाँ पुगेको छ । गत वर्ष भने रेमिट्यान्स भित्रने दरमा ६.६ प्रतिशतले वृद्धि भएको थियो । वैदेशीक रोजगारीमा जानेमध्ये पुनः श्रम स्वीकृती बाहेकको संख्या पनि घटेको छ । यो संख्यामा ७.२ प्रतिशतले कमि आएको हो । यो दुई महिनामा ६५ हजार १ सय ८७ जना रोजगारीको लागि विदेश गएका छन् । त्यस्तै, देशको व्यापार घाटा ११.८ प्रतिशतले बढेपछि आय व्ययको सन्तुलन बिग्रिएको हो । दुई महिनामा १ खर्ब ५१ अर्ब रुपैयाँको बस्तु आयात भएको छ । नेपालबाट भने ३ प्रतिशतले बढेर १३ अर्ब ५८ करोड पुगेको छ । यो अवधिमा निर्यात र आयातको अनुपात ८.२ प्रतिशत रहेको छ ।",Bank,Economy,0.9822479,900,162
"﻿कहिले यार्सा टिप्न पाटन पुग्यो कहिले पेट भर्न काला पहाड डुल्यो सानो कान्छो ऊ जन्मँदै उसकी आमा रगतको कर्णाली बगाउँदै मरिन् ओखतीमुलो के हो ? गर्भे टुहुरो हो सानो कान्छो के थाहा ? किन मरिन् उसकी आमा त्यो पनि के थाहा ? न बाँच्नुको अर्थ थाहा छ उसलाई न मर्नुको अर्थ थाहा छ उसलाई बिहान–बेलुकाको एउटा रोटो भए पुग्छ उसलाई तर त्यो रोटो पनि कहाँ जुट्नु बरा π कहिले भेडी गोठमा कहिले चौँरी गोठमा डुल्छ, सानो कान्छो आकाशमा उड्ने चिलगाडीलाई हेर्दै त्यो आएको भए आमा बाँच्थिन् भन्ने उसले सुनेको छ त्यो चिलगाडी पनि के हो उसलाई थाहा छैन अनि किन उसकी आमालाई लिन आएन ? उसले काठमाडौं देखेको छैन ऊ नेपालगन्ज झरेको छैन तर नेपाल मुक्तिको निम्ति भन्दै उसले पनि भरुवा बोकेको थियो । कहिले रोल्पा आयो ऊ कहिले कालिकोट पुग्यो ऊ कहिले हुम्ला आयो ऊ जुम्लीको छोरो ऊ उसलाई जुम्लाको कथा थाहा छैन उसले बोकेको भरुवा के भयो ? उसलाई थाहा छैन, आजकल कहाँ छ त्यो भरुवा त्यो पनि थाहा छैन तर जति गर्दा पनि उसको पेट भोको छ उसको आङ नाङ्गो छ गर्भे टुहुरो हुने वर्तमान ज्युँदो छ यो उसले अनुभव गरेको छ अनुभव र व्यवहारले सानो कान्छो आजकल गम्भीर कुरा गर्ने भएको छ । संविधानका कुरा यार्साका कुरा कालापहाडका कुरा चिलगाडीका कुरा ऊ सुन्दै छ उसको गाउँमा फेरि जुलुस आयो फेरि झन्डा आयो फेरि मुक्तिको कुरा आयो हिजो उसले भरुवा बोक्दा सुनेका कुरा फेरि आए तर भरुवा आएन । भरुवा नआए के भो त ? झन्डा त आयो पुन: सानो कान्छोले झन्डा समात्यो । ललल",Opinion,Literature,0.98193306,1279,248
"﻿२८ जेठ, काठमाडौं । राणा शासन ढलेपछि चन्द्रसमशेरदेखि बबरसमशेरसम्मका निजी घरहरु राज्यले नियन्त्रणमा लियो । ती घरमा अहिले सरकारी कार्यालयहरु राखिएका छन् । तर, कतिपय राणाकालीन घरहरु राज्यको नियन्त्रणमा आएनन् । त्यस्ता घरमा यतिबेला निजी होटल सञ्चालन गरिएका छन् । काठमाडौंमा सय वर्षभन्दा पुराना आधा दर्जन राणाकालीन दरबारलाई लक्जरी होटलमा परिणत गरिएको छ । जुन होटलमा पर्यटकको बढी आकर्षण देखिएको छ । पुरानो दरबारलाई रिनोभेसन गरेर हेरिटेज होटल बनाइएको छ । पुरानो दरबारलार्इ रेक्ट्रोफिटिङ गरेर बलियो बनाइएको र दरबारको स्वरुप नबिग्रिने गरी रिनोभेसन गरेर होटल सञ्चालनमा ल्याएको बरिष्ठ पर्यटन व्यवसायी कर्ण शाक्यले अनलाइनखबरसँग बताए । उनले पुरानो दरबार रिनोभेसन गरेर काठमाडौं गेष्टहाउस र माया म्यानोर होटल खोलेका छन् । राजधानीको लाजिम्पाटमा सञ्चालित चारतारे शंकर होटलको भवन १२२ वर्ष पुरानो भयो । स्वर्गीय रामशंकर श्रेष्ठले जीत समसेर जंगबहादुर राणासँग दरबार किनेर लक्जरी होटल सञ्चालनमा ल्याएका हुन् । अहिले यो होटल काठमाडौंकै उत्कृष्ट हेरिटेज होटल बन्न सफल भएको छ । ‘हामीले पुरानो दरबार बचाएर हेरिटेज होटल बनाएका छौं’ पर्यटन व्यवसायी शाक्यले भने- ‘यस्ता सम्पदाहरुले पर्यटकलाई तत्कालिन अवस्थाको बारेमा जानकारी गराउँछन् ।’ अरु मुलुकहरुले पनि पुराना सम्पदाको जगेर्ना गरी पर्यटक आकषिर्त गरिरहेको उनको भनाइ छ । विदेशी पर्यटकले दरबारको निकै रहर गर्ने शाक्यले बताए । पर्यटकले सम्बन्धित देशको इतिहास थाहा पाउन खोज्ने गरेको बताउँदै उनले भने- ‘पुराना सम्पदाहरु जोगाउन सकियो भने यसले तत्कालीन वस्तुस्थिति झल्काइदिन्छ ।’ मोटो रकम खर्च गरेर आधुनिक भवन बनाउन सकिए पनि पुराना सम्पदाहरु बनाउन सकिँदैन । यस्ता सम्पदाहरुको जगेर्ना गरेर पर्यटक आकषिर्त गर्नुपर्ने व्यवसायीको भनाइ छ । ‘पैसाले पुरानै देखिने दरबार बनाउन सकिएला, तर जीवन्त दरबार बनाउन सकिँदैन’ शाक्यले भने- ‘त्यही भएर पुरानो दरबार जोगाएर होटलमा परिणत गरेको हुँ ।’ पुरानो दरबारलाई रिनोभेसन गरेर आकषिर्त बनाइएको छ । यस्ता होटलमा पुग्ने पाहुनाले छुट्टैखालको अनुभव प्राप्त गर्ने व्यवसायीको दाबी छ । पुरानो दरबार रिनोभेसन गरेर पाँचतारेसम्मका होटल बनाइएको छ । हामीले काठमाडौंमा पुरानो दरबार रिनोभेसन गरेर बनाइएका लक्जरी होटलका बारेमा जानकारी गराउन गइरहेका छौं । जुन यस प्रकार रहेका छन् : शंकर होटल राजधानीको लाजिम्पाटमा रहेको होटल शंकर चारतारे लक्जरी होटल हो । जीत समशेर जंगबहादुर राणाको दरबार स्वर्गीय रामशंकर श्रेष्ठले खरिद गरेर सन् १९६४ मा तारे होटलमा परिणत गरे । यो दरबार सन् १८९४ मा आर्किटेक इञ्जिनियर कुमार नरसिंह राणाले बनाएका हुन् । सन् १९१३ मा जीत संमसेरको निधन भएपछि यो दरबार जुद्ध समशेरका छोरा अग्नि समसेरको नाममा गयो । स्वर्गीय ऐश्वर्या शाह, तत्कालीन अधिराजकुमारी प्रेक्षा राज्य लक्ष्मीदेवी शाह र पूर्वरानी कोमल शाहको जन्म पनि यही दरबारमा भएको थियो । स्वर्गीय श्रेष्ठले यो दरबार जीत सम्शेरसँग खरिद गरेका हुन् । पुरानो ऐतिहासिक दरबार रिनोभेट गरेर बनाइएको शंकर होटलमा ९४ वटा रुम छन् । अहिले ८४ रुम सञ्चालनमा छन् । १० वटा रुमहरुको रिनोभेसन भइरहेको होटल व्यवस्थापनले जानकारी दियो । भूकम्पपछि यो होटलको रिनोभेसन भइरहेको छ । होटलको बाहिरी भाग, लवी, र सभा हलको रिनोभेट भइरहेको छ । यो होटलमा ११ वटा डिलक्स स्वीट रुम र ८३ वटा स्टान्डर्ड रुम छन् । स्वीट रुममा बस्नका लागि प्रतिरात कर बाहेक १२५ देखि १३० अमेरिकी डलरसम्म तिनुपर्छ । स्टान्डर्ड रुमको मूल्य सिंगल बेडको ८० डलर र डबल बेडको ८५ डलर छ । यो होटलले अहिले स्थापनाको ५० औं वर्षगाँठ मनाइरहेको छ । लक्जरी हेरिटेज शंकर होटलमा अहिले २५० र १५० जना क्षमताका दुईवटा सभाहल सञ्चालनमा छन् । अर्को १५० जना अटाउने सभाहलको पुनर्निर्माण भइरहेको छ । काठमाडौं गेष्ट हाउस राजधानीको पर्यटकीय केन्द्र ठमेलमा रहेको काठमाडौं गेष्ट हाउस राणाहरुको दरबार रिनोभेसन गरेर सञ्चालन गरिएको हो । आर्किटेक इञ्जिनियर कुमारनरसिंह राणाले आफ्नो लागि यो दरबार बनाएको बरिष्ठ पर्यटन व्यवसायी शाक्यले बताए । शाक्यका अनुसार कुमार नरसिंहले नेपालको प्रमुख प्रशासनिक भवन सिंहदरबार समेत बनाएका हुन् । काठमाडौं गेष्ट हाउस भएको दरबार करिव सय वर्ष पुरानो हो । शाक्यले करिव ४५ वर्षअघि यो दरबारमा काठमाडौं गेष्ट हाउस खोलेका हुन् । जुन अहिले ठमेलको आत्मा बनिरहेको छ । यो होटलमा पनिले १२६ वटा रुम थिए । गत वर्ष गएको भूकम्पले एउटा भाग भत्काएपछि अहिले १०५ रुमहरु सञ्चालनमा छन् । होटल परिसरमै पुरानो दरबारको स्वरुपमा नयाँ भवन बनाएर ३२ वटा रुम थप्ने काम भइरहेको शाक्यले जानकारी दिए । भूकम्पले भत्किएको भवन पन्छाएर अहिले त्यहाँ स्वप्न बगैंचा बनाइएको छ, जसले पर्यटकलाई मोहित बनाउँछ । माया म्यानोर पर्यटन व्यवसायी शाक्यले काठमाडौंको हात्तिसारमा रहेको ९५ वर्ष पुरानो दरबार रिनोभेसन गरेर हालैमात्र माया म्यानोर होटल सञ्चालनमा ल्याएका छन् । यो बलराम समशेरको दरबार हो । यसअघि शाक्य यहीँ बसोबास गर्दै आएका थिए । शाक्यले बलराम समशेरसँग सन् १९७५ सालमा यो दरबार किनेको बताए । उनले भिक्टोरियन शैलीको दरबारलाई रिनोभेसन गरेर तथा छेवैमा उस्तै देखिने नयाँ भवन बनाएर माया म्यानोर होटल खोलेका हुन् । माया म्यानोरमा ४६ वटा रुम छन् । जहाँ लेखक, कलाकार, गीतकार, नेपाली कला मन पराउने विशिष्ट पर्यटक भित्र्याउने लक्ष्य राखिएको छ । ‘माया म्यानेरामा भाइब्रेसन क्रियट गराउँछु’ शाक्यले अनलाइनखबरसँग भने- ‘एक पटक आएका पर्यटक होटलमा बारम्बार आउन् भन्ने हाम्रो चाहाना छ ।’ होटललाई जीवन्त बनाउन खोजिरहेको उनको भनाइ छ । यसलाई इतिहासको रुपमा संरक्षण गर्न थालेको उनले बताए । उनले सन् १९७५ सालमा शाक्यले ३ लाख २७ हजार रुपैयाँमा तीनआना जग्गासहित यो दरबार किनेका थिए । याक एण्ड यति होटल याक एण्ड यति पाँचतारे लक्जरी होटल हो । यस होटलमा देखिने ‘फ्रन्ट फेस’ पुरानो दरबार हो । लालदरबारको रिनोभेसन गरेर होटलले आफ्नो ब्राण्डिङ गरिरहेको छ । यो होटलको मुख्य आकर्षण भनेकै दरबार हो । सभाहल, क्यासिनो, दुईवटा रेष्टुरेन्ट, ब्याङ्क्वेट रुम पुरानो लाल दरबारमा बनाइएको छ । लालदरबारमा रहेको सभाहलमा राष्ट्रिय तथा अन्तर्राष्ट्रिय सभा सम्मेलनहरु भइरहन्छन् । होटलका रुम तथा अन्य सेवाहरु भने नयाँ भवनमा रहेका छन् । करिव सय वर्षअघि तत्कालीन प्रधानमन्त्री बीरसमसेरले लालदरबार बनाएका थिए । आज यही दरबार देखाएर याक एण्ड यतिले दरबार होटल भनेर ब्राण्डिङ गरिरहेको छ । याक एण्ड यतिमा २७० वटा रुम छन् । यी रुमलाई डिलक्स, हेरिटेज डिलक्स, क्लव सांगि्रला एक्सक्लुसिभ र स्वीट्स गरी चार वर्गमा विभाजन गरिएको छ । होटलमा टेनिस कोर्ट, स्वीमिङ पुल, साउना, ज्याकुजी, फिटनेस सेन्टर, स्पा लगायतका सेवा सुविधा छन् । डिल्लीबजार भोजन गृह पर्यटन व्यवसायी भरत बस्नेतले करिव सय वर्ष पुरानो दरबार रेनोभेट गरी भोजन गृह सञ्चालन गरिरहेका छन् । डिल्लीबजारमा रहेको तत्कालीन बडागुरु ज्यूको दरबार किनेर उनले सन् १९९८ को सेप्टेम्बरदेखि भोजनगृह सुरु गरेका हुन् । यहाँ नेपाली कला, संस्कृति र खानाको स्वाद लिन सकिन्छ । पर्यटकमाझ नेपाली संस्कृतिकै प्रवर्द्धन गर्ने उद्देश्यले भोजनगृह सुरु गरेको बस्नेत बताउँछन् । भवनको ऐतिहासिक महत्व देखेर यसलाई होटलको स्वरुपमा ढालेको उनले बताए । बस्नेतले करिव डेढ वर्ष लगाएर दरबारको जीर्णोद्धार गरी भोजनगृह सञ्चालन गरेको बताए । उनले भोजनगृहलाई आफ्नो व्यवसायिक सम्पत्तीभन्दा पनि राज्यका लागि नमूना बनाउन चाहेको बताए ।",Opinion,Tourism,0.9814285,6279,1028
"﻿ ५ कात्तिक, काठमाडौं । मुलुकको भुक्तानी सन्तुलन (देश भित्रिने र देशबाट बाहिरिने रकमबीचको अन्तर) को अवस्था खराब बन्दै गएको छ । चालू आर्थिक वर्षको भदौ महिनामा ३ अर्ब ५० करोड रुपैयाँले भुक्तानी सन्तुलन अर्थात् शोधनान्तर स्थिति ऋणात्मक छ । रेमिट्यान्सको वृद्धिदर घटेपछि भुक्तानी सन्तुलन प्रभावित भएको नेपाल राष्ट्र बैंकले जनाएको छ । जबकी एक ठीक वर्ष अघि भदौ महिनामै भुक्तानी सन्तुलन ३१ अर्ब ८८ करोड रुपैयाँले बचतमा थियो । राष्ट्र बैंकले शुक्रबार आर्थिक वर्ष २०७३/७४को भदौ महिनाको देशको आर्थिक अवस्थता बारे प्रतिवेदन सार्वजानिक गरेको छ । साउन महिनामा भुक्तानी सन्तुलन २ अर्ब १३ करोड रुपैयाँले ऋणात्मक थियो । साउन महिनामा २३ महिनापछि पहिलोपटक मुलुकको भुक्तानी सन्तुलन ऋणात्मक भएको थियो । रेमिट्यान्स आप्रवाहको वृद्धिदर घटेको राष्ट्र बैंकको प्रतिवेदनमा उल्लेख छ । राष्ट्र बैंकका अनुसार ०७३ साउनमा ६.६ प्रतिशतले रेमिट्यान्स बढेर १ खर्ब १४ अर्ब ७४ करोड रुपैयाँ पुगेको छ । त्यसको ठीक एक वर्षअघि अर्थात ०७२ भदौ महिनामा रेमिट्यान्स २७.५ प्रतिशतले बढेको थियो । निर्यात र आयातबीच सन्तुलन मिल्न नसक्दा शोधनान्तर स्थिति ऋणात्मक रहेको हो । भुक्तानी सन्तुलन ऋणात्मक रहेपनि मुलुकको वैदेशिक मुद्रा सञ्चिति बलियो रहेकाले तत्काल आत्तिहाल्नु पर्ने अवस्था भने नरहेको राष्ट्र बैंकको अनुसन्धान विभागका कार्यकारी निर्देशशक नरबहादुर थापाले बताए । ‘आर्थिक वर्षको पहिलो महिना र दोस्रो महिना भुक्तानी सन्तुलन ऋणात्मक भएको छ । यसले मुलुकको अर्थतन्त्र कता जान लागिरहेको छ भन्ने प्रवृत्तिको संकेत गरेको छ ।’ थापाले भने- ‘सरोकारवालाहरु समयमै सचेत नभए यसले अर्थतन्त्रमा गंभीर दुर्घटना निम्त्याउन सक्छ ।’ वस्तु तथा सेवाको निर्यात वृद्धि र रेमिट्यान्सको वृद्धि नै भुक्तानी सन्तुलनलाई बचतमा राख्ने अचुक उपाय भएको थापाको भनाइ छ । ०६६ सालमा मुलुकको भुक्तानी सन्तुलन २३ अर्ब रुपैयाँले ऋणात्मक भएको थियो । त्यसलाई सन्तुलनमा ल्याउन राष्ट्र बैंकले सुन, गाडी लगायतका विलाशी वस्तुहरुको आयातमा कडाई गरेको थियो । त्यस्ता वस्तुको आयातमा भएको कडाई र रेमिट्यान्स लगातार बढेपछि भुक्तानी सन्तुलनमा सुधार आएको थियो । ०६८ देखि भने भुक्तानी सन्तुलन लगातारजसो धनात्मक रहँदै आएको थियो",Economy,Bank,0.9811235,1926,303
﻿विश्वकप २०१८ : लिग फुटबलको प्रतिनिधित्व (रोचक तथ्य) इंग्लिस प्रिमियरसिप खेल्ने १ सय २४ खेलाडी रुसी विश्वकपमा सहभागी छन् । त्यसमध्ये बेल्जियम टोलीका १३ खेलाडीले इङ्ल्यान्डमा व्यावसायिक फुटबल खेल्छन् । स्पेनी ला लिगा खेल्ने ८१ र जर्मन बुन्डेसलिगा खेल्ने ६७ खेलाडी रुस पुगेका छन् । इटालियन सिरि आ खेल्ने ५८ र फ्रान्सेली लिग खेल्ने खेलाडीको संख्या ४९ छ ।,Blog,Sports,0.9801706,351,59
"उहिले म दरबार स्क्वायरको नजिकैको स्कुलमा पढ्थेँ। चालीस या पचास मिटरको दूरीमा छ मेरो घर। हाम्रो लागि खुल्ला सङ्ग्रहालय थियो भक्तपुर। दरबार परिसरको उनान्सय चोक हाम्रा लागि लुकामारी खेल्ने आँगन थियो। त्यहाँका प्रत्येक चोकको आफ्नै अस्तित्व र उत्पति कथा सुन्थ्यौँ। सुन्दरी मुलचोकमा अहोरात्र दाफा भजन घन्किन्थ्यो। राम राम राम गथे मलुमने थ्व: नेपा: भक्तपुरका अन्तिम राजा रणजीत मल्लको यो हृदय विदारक कविता अहोरात्र गुञ्जायमान हुन्छ तलेजुको मूलचोकमा। राजा पृथ्वीनारायणले आफ्नै मित बुवालाई घात गरेर भक्तपुर आक्रमण गरे। पराया भनेको पराया हुन्छ। इष्ट कहिल्यै हुँदैन भन्दै स्वनिर्वासन रोजे। पछि शक्तिको आडमा उनको कथन बदलियो। शक्तिका भक्तहरूले भने— बा दुष्ट हुँदैनन्, नेवार इष्ट हुँदैनन्। आफ्नो मित छोरालाई मारेर मलाई राजा बन्नु छैन भन्दै काशी गए। जाँदा चन्द्रागिरी पर्वतबाट फर्केर हेर्दै उनले गहभरि आँशु पार्दै गाए एउटा मुटु कम्पायमान गीत राम राम राम गथे मलुमने थ्व: नेपा:। भनिन्छ भक्तपुर विश्वको पाँच महादेशको सभ्यताको एक्लै सङ्ग्रहालय हो। यहाँ ग्रीसेली, युरोपेली, एशियालीलगायतका सभ्यताको नमुना पाउन सकिन्छ। यहाँ बज्ने प्रत्येक धूनको कथा छ। प्रत्येक बाजाको महत्व छ। टोलको नामाकरणको कथा छ। संसारमा सबैभन्दा बढी थर र जातका मानिस भक्तपुरमै बसोबास गर्छन्। यहाँका जात्रा र पर्वको उत्पति कथा हुन्छ। यहाँका देवीदेउता र धार्मिक अनुष्ठानको कथा हुन्छ। ऋतु अनुसारका पहिरन हुन्छ। खाना हुन्छ। यहाँ टोलैपिच्छे पर्व अनुसारको जात्रा मनाइन्छ। नाचहरूको सहर भक्तपुर विविध सयौँ जात्राहरूको देश पनि हो। बिक्काः जात्रा तिनै सयौँ जात्रामध्येको एक जात्रा हो। यस जात्रालाई सत्ताले नव वर्षलाई स्वागत गर्ने पर्वको रूपमा स्थापति गर्ने निकै कोसिस गर्यो। यसको मौलिकतालाई शासकीय नजरले भत्काउन खोज्यो। तर, यसको गरिमालाई बिगार्न सकेन। विक्रमाब्द नेपालमा पछि लादिएको सम्बत हो। बिस्का: जात्राका अनेक नाम छन्। बिस्कं अर्थात् बेग्लै जात्रा। बिस्याका अर्थात् बि— नाग वा सर्प, स्याका अर्थात् मारेर। नाग वा सर्प मारेर मनाइएको जात्रा आदि। अनेक महिमाजडित बिस्काः जात्राको दुई कथा निकै प्रचलित छन्। पौराणीक महत्व बोकेको यस जात्राका बारेमा संस्कृतिविद स्व. लीलाभक्त मुनंकमि, पुरुषोतमलोचन श्रेष्ठ, विनोद राजोपाध्याय र स्थानीयवासीले भिन्नभिन्नै कथा भन्छन्। पहिलो लोककथा भक्तग्राम जङ्गल अवस्थामा थियो। यहाँका राजाका एक मात्र छोरी थिइन्। अत्यन्त सुन्दर, अति कामूक। उनले आफ्नो छोरीसित एक रात बिताउन सक्ने युवक वा राजकुमारसित छोरीको विवाह गरिदिने र राजकाज सुम्पने घोषणा गरे। देशविदेशदेखि युवक र राजकुमार आउन थाले। राजकुमारीसित रात बिताउँथे। भोलि बिहान ती लाश हुन्थे। कैयौँले ज्यान गुमाए। राजकुमारी निदाएपछि उनको नाकको प्वालबाट एक जोडी सर्प निस्केर अजङ्गको अजिङ्गर बनेर युवक वा राजकुमारलाई डसेर मार्थ्यो। एकदिन एक युवक देशको नक्सा तयार पार्न भक्तग्रामबीचबाट बगिरहेको हनुमन्ते खोलाको किनारमा पुग्दा करुण अवस्थाकी एक बृद्धा खोला किनारको रूखमुनि बसिरहेको भेटे। सो बृद्धाले युवकबारे सुध्याइन्। यो देशका निकै युवकहरूले राजकुमारीको यौन तृप्ति गर्न नसक्दा ज्यान गुमाएको रहस्य बताउँदै खोलाको केही पर एउटा खड्ग भेट्टाइने र सोही खड्ग बोकेर राजदरबार गई राजकुमारीसित विवाह गर्न सल्लाह दिइन्। राजकुमारी मस्त निद्रामा पुग्ने बित्तिकै उनको नाकको प्वालबाट एक जोडी सर्प निस्केर डस्ने कुरा पनि बताउँदै त्यस सर्पलाई खड्गले प्रहार गरी मार्नु भनी सल्लाह दिइन्। खोलाको किनारमा प्राप्त भएको खड्ग बोकेर युवकले राजदरबार गएर राजकुमारीसित विवाह गरे। कामातुर राजकुमारीसित यौनक्रिडा गर्नुपूर्व विभिन्न तौरतरिका अपनाए। युवकले विभिन्न आसन र हाउभाउ गरेर राजकुमारीको कामइच्छा पूरा गरिदिए। राजकुमारी निदाइन्। युवक निकै सचेत थिए। चरम सन्तुष्टिपछि राजकुमारी मस्त निदाइन्। निद्राको घुराइसँगै उनको नाकका प्वालबाट सुस्तरी एकजाडी सर्प निस्किएर युवकलाई डस्न तयार भए। सोही बेला युवकले खड्गले बढ्दै गरेको अजिङ्गरलाई टुक्राटुक्रा पारे। मर्नुअघि अजिङ्गर जोडीले आफूहरूले सयौँको ज्यान लिइसकेकोमा बिस्मात गर्र्दै सजायस्वरूप लामो काठमा झुण्ड्याएर सजाय दिन अनुरोध गरे। सदाझैं सूर्योदयसँगै सबै गुठियार लाश उठाउन आए। दुबै दम्पत्ती हाँसिखुशी कोठाबाट बाहिर आएको देखी राजदरबारका सबै चकित भए। देशभरि हल्लिखल्ली मच्चियो। राजाको सोधनीमा सो युवकले सविस्तार घटनाक्र जाहेर गरे। युवक र राजकुमारीबीच धुमधामले विवाह सम्पन्न गरियो। राजज्योतिषीको सल्लाह बमोजिम शुभसाइतमा युवकको राजतिलक गरियो। अजिङ्गर नागले गरेको आग्रह अनुसार ठूलो उत्सव गरी ज्योतिषीले मिलाएको साइतमा उक्त जोडी नागको चित्राङ्कित ध्वजापाताकालाई लामो काठमा झुण्ड्याई देखाउने जात्राको प्रचलनको व्यवस्था भयो। प्रत्येक वर्ष नववर्षको पूर्वसन्ध्यामा विस्का: जात्रा मनाइन्छ। बि भन्नाले सर्प स्यात अर्थात् मार्यो भन्ने अर्थमा बिस्यात शब्द अपभ्रंश हुँदै विस्काः बिस्केत हुन गएको किंवदन्ती छ। दोस्रो कथा प्राचीन समयमा भक्तपुरमा एक नामूद तान्त्रिक थिए। उनी वैद्य, झारफुकदेखि ग्रहदशा र चिना लेख्ने कामसमेत गर्थे। उनको चर्चा देशैभरि थियो। उनी आवश्यकताअनुसार विभिन्न जनावरको रूप पनि धारण गर्न सक्थे। एकदिन उनकी अर्धाङ्गीनीले थाहा पाइछन्। सोही कुरा आफ्ना लोग्नेसँग सविस्तार सुध्याइन्। तर, तान्त्रिकले अनकनाउँदै त्यस्तो केही नभएको बताए। नारीहरूको रुद्रघण्टी नहुने र उनीहरुले अनावश्यक हल्ला फैलाउँछन् भन्ने डरले उनले केही नबताउनु नै राम्रो ठाने। तर, उनकी श्रीमतीले जिद्दी गरिरहिन्। उनले आफ्नो माया लाग्ने भए सही सत्य बोल्न भनिन्। आफ्नी प्राण प्यारीको अनुरोध टार्न नसकेर उनले सबिस्तार आफ्नो क्षमता बताए। उनले बाघ, भालु, सिंहलगायत, माछा, नाग, आदिको रूप धारण गर्न सक्ने बताए। अब स्वास्नीले कचकच गर्न थालिन्। एउटा कुनै रूप धारण गरेर देखाउन जिद्दी गर्न थालिन्। केही सीप नलागी उनले आफ्नी अर्धाङ्गिणीलाई मन्त्रले फुकेको अक्षता हातमा दिँदै भनेछन्- जब म पूजाकोठाबाट कुनै रूप धारण गरेर निस्कन्छु यो अक्षताले पूजा गरिदिनु। श्रीमतीले हस् भनेपछि आफू पूजाकोठामा पसेर तप गरेर भयङ्कर नागको रूप लिएर कोठा बाहिर आए। यति भयङ्कर नाग देखेपछि स्वास्नीचाहिँको सातोपुत्लो उडेछ। लोग्नेले दिएको अक्षता मुखमा राखेर निलिन्। र, डरले काँप्दै घरबाट भाग्न थालिन्। स्वास्नीले अक्षताले हिर्काउलिन् कि भनेर नागरूपी तान्त्रिक उनको पछिपछि लागे। तर, स्वास्नीचाहिँले फर्केर पनि हेरिन। अन्त्यमा हनुमानघाटमा पुगेपछि उनको मृत्यु भयो। यसरी राज्यमा त्यति ठूलो मरेको नाग भेटिएपछि राजाले त्यसलाई मार्ने मान्छेको पत्ता लगाउन ठूलो काठमा झुण्ड्याएर कैयौँ दिनसम्म राखे। अन्त्यमा त्यस तान्त्रिकको स्वास्नी घरमा गइन्। आफ्नो श्रीमान् खोजिन्। र, उनले दिएको अक्षता सम्झिन् र पूजाकोठाबाट निस्केको नाग सम्झिन्। आफू डरले भागेको सम्झिन्। र, राजाकोमा गएर उक्त नागको आफ्नो लोग्ने तान्त्रिक भएको बताइन्। राजाले विद्वान तान्त्रिक गुमाउनुपरेकामा शोक मनाए। सारा देशवासीलाई सो दिनशोक मनाउन लगाए। भोलिपल्ट सो लामो लिङ्गो ढाल्न लगाए। यसरी हरेक वर्ष सो दिनको प्रख्यात तान्त्रिकको सम्झनामा नागको प्रतीक ध्वजापताकासहित लिङ्गो उठाउने र भोलिपल्ट ढाल्ने चलनचलेको बताइन्छ।",Literature,Blog,0.97967327,6116,905
"﻿काठमाडौं-राष्ट्रिय सूचना आयोगले नेपाल वायु सेवा निगमले खरिद तथा अनुदानमा ल्याउन लागेको चिनियाँ जहाजसम्बन्धी नेपाल र चीनबीच भएका सम्झौता सार्वजनिक गर्न आदेश दिएको छ । ती जहाज खरिद तथा अनुदानमा ल्याउने सम्बन्धमा नेपाल र चीनबीच भएका सम्झौताका साथै यस सम्बन्धमा भएका पत्राचार पनि निवेदकलाई दिन आयोगले संस्कृति, पर्यटन तथा नागरिक उड्डयन मन्त्रालयका सचिवका नाममा आदेश दिएको हो । उक्त सूचना पाऊँ भनी काठमाडौं महानगरपालिका–३५ बस्ने राजु ढकालले उक्त मन्त्रालयसँग विसं २०७२ चैत ११ गते सूचना माग गरेका थिए । तर, सो मन्त्रालयले उक्त सूचना नदिएपछि उनले राष्ट्रिय सूचना आयोगमा पुनरावेदन गरेका थिए । आयोगले उक्त मन्त्रालयका अधिकारीसँग गरेको बारम्बारको परामर्श र सूचना दिलाउन गरेका निर्देशनपछि पनि सूचना उपलब्ध नभएपछि ती सूचना निवेदकलाई दिन आदेश दिइएको आयोगका सूचना आयुक्त एवम् प्रवक्ता यशोदा तिमिल्सिनाले जानकारी दिइन् ।",Economy,Society,0.9795434,806,125
"﻿काठमाडौं, कात्तिक २९ नेपाल विद्युत् प्राधिकरणले काठमाडौं उपत्यकालाई लोडसेडिङमुक्त बनाउने महत्वाकांक्षी योजना अघि सारे पनि कार्यान्वयन चुनौतीपूर्ण देखिएको छ । प्राधिकरण स्रोतका अनुसार आगामी हिउँदभित्र भारतसँग प्राविधिक रूपमा प्रणाली सिंक्रोनाइज गर्न नसके योजना कार्यान्वयन असम्भव हुनेछ । तिहारदेखि काठमाडौं उपत्यकालाई पूर्ण रूपमा लोडसेडिङमुक्त बनाएर प्रशंसा कमाएको प्राधिकरणले भारतको प्रणालीसँग नेपालको प्रणाली सिंक्रोनाइज गर्न नसके आगामी पुसपछि लोडसेडिङमुक्त उपत्यका हुन असम्भव देखिएको छ । यो खबर हाम...",Sports,Economy,0.9776393,504,66
"﻿ ३१ भदौ, काठमाडौं । एसियाली विकास बैंक (एडिबी)ले चालु आर्थिक वर्ष नेपालको आर्थिक वृद्धिदर ४ दशमलव ८ प्रतिशत हुने प्रक्षेपण सार्वजनिक गरेको छ । एडिबीको नेपाल कार्यालयले शुक्रबार काठमाडौमा पत्रकार सम्मेलन गरेर चालु आर्थिक वर्ष ४ दशमलव ८ प्रतिशतको आर्थिक वृद्धि हुने प्रक्षेपण गरेको हो । सेवा क्षेत्रमा ३, उद्योग क्षेत्रमा १ र कृषि क्षेत्रमा ०.७ प्रतिशत वृद्धि हुने एडिबीको प्रक्षेपण छ । भूकम्प र भारतीय नाकाबन्दीको प्रभावस्वरुप गत आर्थिक वर्ष वृद्धिदर ०.८ प्रतिशतमा सीमित भएको थियो । सरकारले बजेटमार्फत चालु आर्थिक वर्ष ६ दशमवल ५ प्रतिशतको आर्थिक वृद्धिदर हुने अनुमान गरेको छ । एडिबीका नेपाल निर्देशक केनिची योकोयामाले ९५ प्रतिशत खेतमा रोपाईं हुनु र अन्य कारण चालु आर्थिक वर्ष आशावादी हुने अवस्था रहेको बताए । यद्यपि, पुनर्निमाण र पुर्नस्थापनाको काममा रहेको सुस्तता र बजेट कार्यान्वयनको गति मन्द रहिरहे तथा विप्रेषण आप्रवाहमा कमी आए त्यसले सेवा क्षेत्रको मागमा कमी आइ प्रक्षेपण गरेअनुसारको वृद्धि हासिल नहुने एडिबीको भनाइ छ । एडिबीले मूल्यवृद्धि ८ दशमलव ५ प्रतिशतभन्दा बढी नहुने प्रक्षेपण पनि सार्वजनिक गरेको छ । एडिबीका नेपाल निर्देशक योकोयामाले राम्रो कृषि उत्पादन, भारतमा नियन्त्रित मुद्रास्फीति, अन्र्तराष्ट्रिय बजारमा इन्धनको मूल्य घट्नु लगायतका कारण वस्तु तथा सेवाको मूल्यमा कमी आउने सम्भावना रहेको बताए । सजावट सामाग्री र घरयासी उपकरणको मूल्य भने बढ्न सक्ने एडिबीको प्रक्षेपण छ ।",Economy,Bank,0.97673166,1285,204
"﻿सलमानका विषयमा चर्चा चल्दा बिहे र कमाईका बारेमा अलि बढ्तै चर्चा चल्ने गर्छ । हालसालै उनको कमाईले बढी चर्चा लिइरहेको छ । बिग बोस ९ होस्ट गर्न लागेका सलमानले कति पारिश्रमिक लिँदैछन् भन्ने प्रश्नले केही समयदेखि मिडियामा राम्रै स्थान पाइरहेको छ ।तर, सलमान भने यस्ता प्रश्नदेखि हैरान भएको बताउँछन् । उनी भन्छन्, मेरो कमाई अरुलाई किन चाहिएको हो कुन्नि ! म चाहन्छु मेरो कमाई मबाहेक दोस्रो व्यक्तिलाई थाहा नहोस् । बिगबोस ९ का लागि पारिश्रमिक दोब्बर भएको हो भन्ने प्रश्नमा सलमानले भने, तपाईंको तलबले मलाई केही फरक पर्दैन भने मेरो तलबको बारेमाचाहीँ तपाईंलाई केको चासाे ? यदी बढेकै हो भने राम्रै काममा खर्च होला !सलमान बिइङ हयुमन नामक संस्थाबाट शिक्षा र स्वास्थ्यका क्षेत्रमा समाजसेवा पनि गर्दै आइरहेका छन् ।",World,Entertainment,0.9760719,698,119
"﻿भाद्र शुक्ल पञ्चमीका दिनमा मनाइने ऋषिपञ्चमी पर्व आज सप्तर्षिको पूजा गरी वैदिक सनातन हिन्दू धर्मावलम्बी नारीले मनाउँदैछन् । आज बिहानै उठेर नारीहरु नजिकको नदी, खोला, ताल, तलैया र पोखरीमा गई ३६५ दतिवनले दाँत माझ्ने, गाईको गोबर, माटो र खरानी लगाई स्नान गर्छन् । रजस्वलाका समयमा छाइछुइ लगायत कुनै त्रुटि भएको भए आज ऋषिपञ्चमीको दिन अरुन्धतीसहित सप्तर्षिको पूजा गर्नाले त्यसबाट मुक्ति पाइने धार्मिक विश्वास छ । नारीलाई रजस्वलाको प्रथम दिन चण्डाल्नी, दोस्रो दिन ब्रह्मघातिनी, तेस्रो दिन धोबिनी र चौथो द...",Entertainment,Blog,0.9747055,498,79
"ÿþ, A 5 2",Society,Education,0.9744452,9,4
"﻿आईपीएल–२०१८ कुन टिम कस्ता ? डिफेन्डिङ च्याम्पिन्स हो, मुम्बई इन्डियन्स अनि यसपटकको उपाधिको उत्तिकै बलियो दाबेदार पनि । मुम्बईले पछिल्लो पटक उपाधि जित्दाको टिमलाई नै कायम गरेको छ । रोहित शर्मा र जेपी डुमेनीले टिमको ब्याटिङ क्रम सम्हाल्नेछन् । बलिङतर्फ मुम्बईलाई केही कमजोर मान्न सकिन्छ, टिममा खासै नाम चलेका बलर छैनन । त्यसैले टिम अलराउन्डरहरूमा निर्भर रहनेछ । मुम्बईसँग हार्दिक पान्ड्याजस्ता धुरन्धर अलराउन्डर छन् ।",Sports,Blog,0.9743328,416,65
"﻿विवादै विवादको आईपीएल आईपीएललाई ललित मोदीको सोच मानिन्छ । उनकै उत्कृष्ट योजनाअनुरुप अहिलेको आईपीएलको जन्म भएको थियो, तर विवादबीच मोदी सन् २००९ मा आईपीएल छाड्न बाध्य भए । त्यति मात्र होइन, मोदीको स्थिति कतिसम्म नाजुक भयो भने उनी भारत नै छाड्न बाध्य तुल्याइए र अहिले लन्डनमा निर्वासित जीवन व्यतीत गरिरहेका छन् । अहिले पनि उनी लन्डनबाट आईपीएलाई विवादमा तान्ने प्रयास गरिरहन्छन् । आईपीएल छाड्नुअघि उनीमाथि आर्थिक हिनामिनाको आरोप लागेको थियो । मोदीमाथि घुस लिएको, गलत अनुबन्ध गरेको, बाजी राखेको र गलत रूपमा पैसा सापटी दिएको आरोप थियो र पछि त्यो पुष्टि पनि भयो ।",Sports,Blog,0.9731025,557,94
"﻿ १४ मंसिर, काठमाडौं । सरकारले सोमबारदेखि ड्राइभिङ लाइसेन्समा ‘स्मार्ट कार्ड’ प्रविधि कार्यान्वयनमा ल्याएको छ । यातायात व्यवस्था विभागले पहिलो ‘स्मार्ट लाइसेन्स’ सोमबार महानिर्देशक चन्द्रमान श्रेष्ठका नाममा जारी गरेको छ । उपप्रधान तथा भौतिक पूर्वाधार तथा यातायात व्यवस्था मन्त्री विजयकुमार गच्छदारले श्रेष्ठलाई पहिलो स्मार्टकार्ड हस्तान्तरण गरे । पुरानो प्रविधिको सवारी चालक अनुमतिपत्र विस्थापन गर्न आधुनिक विद्युतीय प्रविधिको स्मार्ट कार्डमा रुपान्तरण गर्न सुरु गरिएको विभागले जनाएको छ । अबको ३ देखि ५ वर्षभित्र सबै सवारी चालक अनुमतिपत्रलाई स्मार्ट कार्डमा रुपान्तरण गर्ने गरी यातायात व्यवस्था विभागले काम थालेको छ । पहिलो चरणमा १ लाख ६० हजार स्मार्ट कार्ड वितरण हुनेछ । दोस्रो चरणमा लागि ४ लाख स्मार्ट कार्ड वितरण गर्न पि्रन्टिङको प्रक्रिया अघि बढेको भौतिक पूर्वाधार तथा यातायात व्यवस्था मन्त्रालयका सचिव गजेन्द्रकुमार ठाकुरले जानकारी दिए । नेपालमा झण्डै २३ लाख लाइसेन्स जारी भएकोमा २२ लाख लाईसेन्स ‘एक्टीभ’ रहेको विभागको तथ्याङ्कमा उल्लेख छ । पुराना सबै लाइसेन्सलाई स्मार्टकार्डका रुपमा रुपान्तरण गर्न कम्तिमा २ वर्ष लाग्ने अनुमान गरिएको छ । अञ्चल यातायात कार्यालय बाग्मतीबाट मंसिर २० गतेदेखि स्मार्ट कार्डको वितरण सुरु हुनेछ । अबको एक हप्ता ललितपुरको एकान्तकुनास्थित यातायात कार्यालयमा पुरानो सफ्टवेयरको विस्थापन र नयाँ प्रतिस्थापनको काम गरिनेछ । त्यस अवधिसम्म बाग्मती अञ्चल कार्यालयले लाइसेन्स वितरण गर्नेछैन । मंसिर २० गतेबाट नयाँ लाईसेन्स लिने, वर्ग थप्ने, नवीरकण गर्ने र प्रतिलिपि बनाउनेले स्मार्ट लाईसेन्स पाउनेछन् । अबको ३ महिनाभित्र देशभरीका यातायात कार्यालयहरुबाट स्मार्ट कार्ड वितरण गर्ने लक्ष्य राखिएको विभागका प्रवक्ता बसन्त अधिकारीले बताए । के हो स्मार्ट लाइसेन्स ? स्मार्ट लाइसेन्स क्रेडिट कार्ड साइजको विद्युतीय कार्ड हो । जुन पोलिकार्बोनेटबाट बनेको हुनाले आगो र पानीले कुनै हानि पुर्‍याउन सक्दैन । यो टिकाउ, मजबुत र बोक्न सजिलो पनि छ । यसमा देखिनेगरी चालकसँग सम्बन्धित फोटोसहितका विवरणहरु राखिएका हुन्छन् । यसबाहेक यसमा सीमकार्डमा जस्तै धातुको चिप जडान गरिएको हुन्छ । जसमा चालक र सवारीसँग सम्बन्धित डाटाहरु स्टोर गरिन्छ । त्यहाँका डाटालाई विभाग र प्रहरीले साझेदारी गरेर हेर्न सक्छन् । धातुको चिपमा भएका डाटालाई लिंकेज र डाटा रिडर मेसिनमा राखेर हेर्न सकिन्छ । कुनै सवारी चालक ट्राफिक प्रहरीको कारवाहीमा परेमा त्यसैमा कारवाही भएको रकेर्ड राखिनेछ । यसमा विभिन्न सेक्युरेटी फिचरहरु पनि हुन्छन् । जसमार्फत विभाग र ट्राफिक प्रहरीले चालक र उसले चलाउने सवारीसम्मका विस्तृत विवरणहरु चाहेको बेला राख्न, झिक्न र हेर्न सक्छ । स्र्माट लाइसेन्सको चिपमा रहने डाटामा चालकको औँठाछाप र बायोमेटि्रक क्याप्चरसहित वास्तविक विवरणहरु पनि राखिनेछ । त्यसैकारण कसैले चोरी भएका वा भेटाएका लाईसेन्स प्रयोग गर्न सक्ने छैन । विद्युतीय प्रविधिको भएको हुनाले फर्जी र नक्कली लाईसेन्सलाई स्र्माट लाइसेन्सले विस्थापित गर्नेछ । स्मार्टकार्ड लागि अनलाइन फारम भर्ने व्यवस्था भएकाले यातायात कार्यालयमा हुने अनियमितता र दलाली संस्कृति पनि हट्ने विभागको दावी छ । स्मार्टकार्ड वितरण भएपछि विभागमा सेवाग्राहीको भिड कम हुने र कर्मचारी कटौति पनि गर्न सकिने विभागको दावी छ । स्मार्ट लाईसेन्स लिन के गर्ने ? विभागले अहिले बाग्मति अञ्चल कार्यालयबाट मात्रै नयाँ स्मार्टकार्ड दिने छ । त्यसका लागि अनलाइनमा दरखास्त फारम भर्नुपर्नेछ । त्यसपछि यातायात व्यवस्था कार्यालयमा पुगेर बायामेटि्रक क्याप्चर अर्थात आंैठा छाप, फोटो खिच्ने र दस्तखत दिनुपर्छ । त्यसपछि स्वास्थ्य परीक्षण, लिखित र प्रयोगात्मक परीक्षा पास गरेकालाई विभागले स्मार्टकार्ड दिनेछ । नवीकरण गर्ने, वर्ग थप्ने र प्रतिलिपि निकाल्नेहरुलाई पनि स्मार्ट लाईसेन्स दिइने विभागले जनाएको छ । हाल म्याद भएका लाइसेन्स बाहकहरुलाई भने तत्काल स्मार्टकार्ड दिइनेछैन । उनीहरुको म्याद, वर्ग थप्ने र प्रतिलिपि निकाल्ने बेलामा स्मार्टकार्ड दिइनेछ । विभागका योजना यातायात व्यवस्था विभागले ३ महिना भित्रै सबै यातायात कार्यालयबाट स्मार्टकार्ड वितरण थाल्ने तयारी गरेको छ । त्यसका लागि सबै कार्यालयलाई उच्च प्रविधियुक्त बनाउने काम भइसकेको विभागले जनाएको छ । विभागले निकट भविष्यमा नै सवारी दर्तालाई पनि अनलाइन प्रणालीमा लैजाने योजना बनाएको छ । यसैगरी राजश्व संकलन गर्न बैंकमार्फत गर्ने पनि तयारी भएको विभागका महानिर्देशक चन्द्रमान श्रेष्ठले बताए । ट्राफिक प्रहरीले गर्ने कारवाहीको विवरण यातायात व्यवस्था कार्यालमा हुने गरी लिंकेज दिने, फिल्डमा खटिने ट्राफिकलाई स्मार्ट कार्ड रिड गर्ने मेसिन उलपब्ध गराउने, उनीहरुलाई तालिम दिने लगायतका योजना पनि विभागले अघि सारेको छ ।",Automobiles,Economy,0.97228277,4069,615
"﻿२२ पुस, काठमाडौं । यातायात व्यवस्था विभागले नम्बर प्लेट नराखिएका र दर्ता नभएका हेभी इक्वीपमेन्टहरु नियन्त्रणमा लिन सुरु गरेको छ । जथाभावी हेभी इक्वीपमेन्टहरु ल्याएर दर्ता नै नगरी चलाउने क्रम तीब्र भएपछि विभागले निर्माणमा प्रयोग हुने हेभी इक्वीपमेन्टको अनुगमन सुरु गरेको हो । विभिन्न निर्माणका क्रममा प्रयोग हुने एक्स्काभेटर, डोजर, लोडर लगायतका ठूला उपकरणमाथी निगरानी बढाइएको विभागका निर्देशक तथा प्रवक्ता बसन्त अधिकारीले अनलाइनखबरलाई जानकारी दिए । सोही अभियान अन्तरगत खटिएको अनुगमन टोलीले बुधबार बिहान एउटा एक्स्काभेटरको कागजपत्र नियन्त्रण लिएको छ । नम्बर प्लेट नराखी चलाइएको पाएपछि विभागले एक्स्काभेटरका चालकको अनुमतिपत्र सहित स्काभेटरका कागजात नियन्त्रणमा लिइएको प्रवक्ता अधिकारीले बताए । विभागले स्काभेटरको ब्लु-बुक लिएर विभागमा उपस्थित हुन सम्बन्धित एक्स्काभेटर मालिकलाई निर्देशन दिएको छ । ‘ठूला यन्त्र उपकरणमा नम्बर प्लेट नराख्ने क्रम तीब्र भएको पायौ। त्यसैले अनुगमन सुरु गरेका हौं ।’ निर्देशक अधिकारीले भने-‘जथाभावी नम्बर प्लेट नराखेर चलाउनु गैह्र-कानुनी हो ।’",Automobiles,Economy,0.97210824,967,139
"﻿ ७ पुस, काठमाडौं । अरुण काबेली पावर लिमिटेड कम्पनीले जारी गरेको सेयरमा बिभिन्न सात सहकारीले नियम विपरित ६८ लाख रुपैयाँको सेयर लगानी गरेको देखिएको छ । सहकारीले अन्य कम्पनीको संस्थापक तथा सर्वसाधारण सेयरमा लगानी गर्न नपाउने नियम विपरित लगानी गरेको भेटिएको हो । पाथीभरा बचत तथा ऋण सहकारी, आफ्नो सहकारी कोष, सुनौलो लुम्बिनी बचत तथा ऋण सहकारी, ओम सूर्य बचता तथा ऋण सकहारी, केन्द्र बचत तथा ऋण सहकारी, नव स्वस्तिक बचत तथा ऋण सहकारी, आइएमइ सहकारीले अरुण काबेलीको सेयरमा लगानी गरेका हन् । निर्देशिकामा भएको व्यवस्थाकम्पनी निर्देशिका २०७२ को दफा ६ मा प्राकृतिक व्यक्ति मात्रै संस्थाको संस्थापक बन्न सक्ने प्रावधान गरेको छ । यसबाहेक यही दफाको उपदफा तीनमा भने सहकारीले यो व्यवस्था सुरुहुनुअघि कुनै कम्पनीको सेयर वा डिवेञ्चरमा लगानी गरेको वा संस्थापना गरेको गरेको भए नियम लागुभएको एक वर्षसम्ममा लगानी झिकिसक्नुपर्ने उल्लेख छ । यो दफाले सहकारी र निजि र्फमले अन्य संस्थाको संस्थापक सेयर मात्र लगानी गर्न नपाउने व्यवस्था गरेको होकी जस्तो देखिएपनि कम्पनी रजिष्ट्रारको कार्यालयले भने यही व्यवस्थाले अन्य कम्पनीको संस्थापक तथा सर्वसाधारण सेयरमा लगानी गर्न रोक लगाएको बताउँदै आएको छ । ‘सहकारीले आफैले जलविद्युत् आयोजना सञ्चालन पाउछन् तर आयोजना बनाउने अन्य कम्पनीको संस्थापक र सर्वसाधारण सेयर भने खरिद गर्न पाउदैनन्,’ कम्पनी रजिष्ट्रार कार्यलयका रजिष्ट्रार प्रेम कुमार श्रेष्ठले स्पष्ट पारे । यता यो निर्देशिका पुनः संशोधन गरेर कम्पनी रजिष्ट्रारको कार्यालयले तोकिएको एक वर्षको अवधि पर्याप्त नभएमा संस्थाहरुले मुनासिव कारण देखाएर यस्तो सेयर र डिवेञ्चर बेचिसक्न थप दुई वर्षको अवधि पाउने उल्लेख गरेको छ । संशोधित निर्देशिकामा के छ ? तर यो छुटको दुरुपयोग गर्दै संस्थाहरुले नयाँ लगानी भने गर्न नपाउँने रजिष्ट्रार श्रेष्ठले उल्लेख गरे । निर्देशिकाले दिएको पहिलो भाका २०७३ मसिंर ६ यता संस्थाहरुले सेयरमा गरेको लगानी लेखांकन नगर्ने र लगानी गरेको सेयर र डिवेञ्चरबाट हुने लाभांश र प्रतिफल समेत प्राप्त गर्न नसक्ने कम्पनी रजिष्ट्रारको कार्यालयले बताउदै आएको छ । निर्देशिकाको अनुसार अब कम्पनीले दोस्रो बजार (नेप्से) मा सेयर बेचिहाले भने पनि त्यसको सावा मात्र उल्लेख गर्न सक्ने र नाफालाई कम्पनी रजिष्ट्रारको कार्यालयले मान्यता नै नदिने देखिएको छ ।",Economy,Bank,0.9708292,2014,321
"﻿विदेश उड्ने जो कोही नेपालीले सपना बुन्छ नै । नेपाल छाड्दा उसले केही बोकेर जान्छ भने त्यो सपना नै हो । देशबाट टाढा हुँदै गर्दा आफ्नो भविष्य सुन्दर बनाउने र आफ्नो परिवारलाई सुखी राख्ने सपना देख्नु स्वाभाविकै हो । विदेशिएका नेपालीहरुको औंसत सपना सायद एउटै हुन्छ, अलिकति पैसा कमाएर सुगम ठाउँमा एउटा सानो घर बनाउने । परिवार नहुनेले परिवार बसाउने, नियमित आम्दानी हुने सानोतिनो व्यवसाय गर्ने र आफ्नो परिवारसँगै बस्ने । यस्तै सपना बुन्दै दैनिकजसो सयौं युवा विदेशिने गरे पनि कसैका पूरा हुन्छन् त कसैको हुँदैनन् ! मुटु त त्यतिबेला चस्कन्छ, जतिबेला सुनिन्छ – फलानोले त आत्महत्या गर्‍यो रे । फलानो सुतेको ठाउँबाट उठेन रे । फलानोलाई लुटेराले तलब लिएकै दिन लुटेर मारे रे । दैनिकजसो यस्ता समाचार सञ्चार माध्यमहरुमा आइरहन्छन् । अनि प्रतिक्रिया आउँछ- फलानो त राम्रै कमाउँथ्यो, किन गरेछ आत्महत्या ? उसको त व्यवसाय पनि राम्रै थियो । मिलनसार अनि मिहिनेती थियो । अन्तिममा कठैबरा बिचरा भनिन्छ । यस्तै प्रतिक्रिया आउँछ हाम्रो समाजमा । तर, त्यो मान्छेले आत्महत्या किन गरेछ ? के कारण थियो, जसले उसलाई आत्महत्या गर्न प्रेरित गर्‍यो ? त्यसको खोजी प्राय: हुँदैन । यस्ता समाचार पढ्नुपर्दा मलाई सधैं एउटै कुराले सोचमग्न बनाउँछ, मान्छेहरु आत्महत्या किन गर्छन् ? समस्याको समाधान आत्महत्या नै हो त ? जसले आत्महत्या गर्‍यो, उसले मुक्ति पायो होला त ? आत्महत्याको पछाडि जिम्मेवार को हुन् त ? प्रश्न अनेक छन् । यिनै प्रश्न दिमागमा उब्जिरहँदा विदेशमा कमाउन जाने साथीभाइ र तिनका आफन्तलाई सम्बोधन गर्दै यो लेख लेख्दै छु । हामी नेपाली थोरै नै हौंला, जो आफ्नै पैसाले विदेश जान्छौं । अधिकांशले धेरथोर पैसा ऋण र सरसापट गरेकै हुन्छन् । उसलाई पनि थाहा हुन्न सायद, उसले त्यो ऋण चुक्ता गर्न सक्छ या सक्दैन । विदेश आएसँगै काममा ज्यान दिएर लाग्ने र छिटोछिटो ऋण चुक्ता गर्ने सोचाइ उसले नेपालमा छँदै बनाएको हुन्छ । त्यसरी विदेशी भूमिमा गइसकेपछि सबैको सोचे जस्तो नहुन सक्छ, जसले गर्दा दिमागमा अनेक कुरा खेल्छन् । त्यो स्वाभाविक पनि हो । तर, बुझ्नुपर्ने कुरा के हो भने, सोचे जस्तो हुने भए यो संसार स्वर्ग हुन्थ्यो होला अनि तपाईं हामी स्वर्गका बासिन्दा हुन्थ्यौं होला । काम गर्दा आफू सुरक्षित छैन भन्ने लाग्छ भने छोड्नुस् काम । सम्भव भए काम परिवर्तन गर्नुस् । नभए फर्कनुस् आफ्नो देश । तपाईंसँग आफ्नो परिवार छ, समाज छ, देश छ । जिन्दगी त्यहाँ सुन्दर छ, जहाँ यी सब कुरा छ तारादेवीको एउटा गीत छ, सोचे जस्तो हुन्न जीवन । यथार्थपरक गीत हो यो । जीवन भनेको भोगाइ हो, जन्मसँगै भोगाइ सुरु हुन्छ र त्यो भोग्दै जानु नै जिन्दगी हो । यसबाट टाढा हुन सकिन्न । जसले यी सब पार गर्दै जान्छ, त्यसले नै जिन्दगीको असली मज्जा लिएको हुन्छ । जिन्दगीको सुरुवाती समयमा दु:खसुखसँग पौंठेजोरी खेल्नुभएन भने बुढेसकालमा के सम्झेर दिन काट्नुहुन्छ ? विदेश गएपछि सपना त बुन्नुस्, सपनाले नै जीवनमा ऊर्जा दिन्छ । तर, पूरा गर्नै नसकिने सपना नबुन्नुस्, जसले तपाईंलाई मृत्युसम्म पुर्‍याओस् ! आफूलाई प्राय: व्यस्त राख्नुस् । यसको मतलब जतिबेला नि काम गर्नुस् भनेको होइन । कामको समयपछि बाँकी रहेको समयलाई सदुपयोग गर्नुस् । खाना खाने, सुत्ने, मनोरञ्जन लिने, परिवारसँग कुरा गर्ने जस्ता कुराको नियमित तालिका बनाउनुस् । सकेसम्म खाली समयमा एक्लै नबस्नुस् । साथीभाइसँग अथवा के कुरामा तपाईं रमाउनुहुन्छ, त्यसमा समय दिनुस् । जस्तै टिभीमा आउने कार्यक्रम हेर्ने, स्विमिङ गर्ने, फिटनेस सेन्टर जाने, साथीभाइसँग खेल्ने, सामाजिक कामहरुमा सरिक हुने । त्यसरी व्यस्त भइरहेपछि तपाईंको दिमागमा नकारात्मक कुराले डेरा जमाउँदैन । दु:ख भयो भनेर चिन्ता नलिनुस् किनकि तपाईंभन्दा पनि धेरै दु:ख पाएका व्यक्ति खोज्न टाढा जानु पर्दैन । आफ्नै समाजमा भएका व्यक्तिहरुलाई एकचोटि सम्झिनुस् । आफ्नो सुख-दु:ख मिल्ने साथी वा आफ्नो परिवारसँग बाँड्नुस् । मृत्यु त निश्चित नै छ, कोही अघि त कोही पछि मात्र हो । तर, के कुरा पक्का हो भने अघि जानेले भन्दा पछि जानेले धेरै अनुभव बटुल्छ । जिन्दगी भनेको एउटा अनुभव हो । जुनसुकै काम गरे पनि काममा रमाउन सिक्नुस् । काम गर्दा आफू सुरक्षित छैन भन्ने लाग्छ भने छोड्नुस् काम । सम्भव भए काम परिवर्तन गर्नुस् । नभए फर्कनुस् आफ्नो देश । तपाईंसँग आफ्नो परिवार छ, समाज छ, देश छ । जिन्दगी त्यहाँ सुन्दर छ, जहाँ यी सब कुरा छ । शरीरमा एक मुठी सास भएपछि र आफन्तको साथ पाएपछि तपाईंले नयाँ संसार रच्न सक्नुहुन्छ । विदेश त क्षणिक हो, जसले केही अनुभव र पैसा देला । सबैथोक दिन सक्दैन । विदेश जानेहरुको परिवार र आफन्तलाई मेरो अनुरोध छ, विदेश भन्नेबितिक्कै पैसा टन्न कमाउँछन् भन्ने नसोच्नुस् । एउटा कुरा सत्य हो, कडा परिश्रम गर्नेले धेरथोर कमाउँछन् । तर, कुराकानी हुँदा सधैं पैसा कहिले पठाउने भनेर नसोध्नुस् । ऋण यति पुग्यो मात्र नभन्नुस् । अनि फलानोका छोराछोरीले त कमाएर यस्तो गरे, उस्तो गरे भनेर नसुनाउनुस् । अरुले कमाएको हिसाब र विवरण सुनाएर उसलाई झन् दबाब र तनाव नदिनुस् । बरु सोध्नुस्, उसको काम कस्तो छ ? खाना कसरी खाएको छ ? सुत्ने समय के-कति छ ! बसाइ सहज छ कि छैन ? सधैं आफ्नो रहर र चाहना मात्र सुनाएर उसलाई बोझ नथप्नुस् । उसका रहर अनि चाहनाको बारेमा पनि सोध्ने गर्नुस् । यसरी उसको दुःखसुखमा तपाईंले विचार गर्नुभयो भने यसले उसलाई निकै आडभरोसा मिल्नेछ । पक्कै पनि ऊ तपाईंहरुकै लागि विदेशिएको हो । पोर्चुगल",Employment,Opinion,0.9682711,4594,814
"﻿बाह्रखरी, काठमाडौं फागुन १२ दैनिक पत्रपत्रिकामा मुख्य समाचार अधिकांश समय एउटै विषयको सेरोफेरोमा घुम्ने गर्दछ । त्यही मुख्य समाचारलाई कसले कसरी लेख्यो र कसरी प्रस्तुत ग¥यो त्यसैका आधारमा त्यसदिन कुन पत्रिकाले राम्रो ग¥यो भनिन्छ । यसहप्ता दैनिक पत्रिका प्रधानमन्त्री ओलीको भारत भ्रमण र नेपाली कांग्रेसको आसन्न तेह्रौ महाधिवेशनका वरिपरि घुमेका छन् । तेसै क्रममा बाह्रखरीले समिक्षा र विवेचना गरेका ६ पत्रिका — कान्तिपुर, नागरिक, नयाँपत्रिका, अन्नपूर्ण पोष्ट, राजधानी र कारोबार — मध्ये फागुन १२ को दिन कान्तिपुरले बाजी मारेको छ । आजको कान्तिपुरले प्रधानमन्त्री ओलीसंगको अन्तर्वार्ता प्रकाशित गरेको छ, जुन अन्य पत्रिकामा छैन । विदेश भ्रमणमा रहेका प्रधानमन्त्रीसँग अन्तर्वार्ता लिनु त्यस दैनिक र त्यसका संवाददाता देवेन्द्र भट्टराईको सफलता हो । कान्तिपुरका सम्पादकले सो अन्तर्वार्ताको महत्वलाई आत्मसात गर्दै पहिलो पृष्ठको देब्रे पट्टिको चार कोलम स्थानमा पेजको करिब पुछारसम्मै लेखेका छन् । गुजरातको भूकम्प पीडित शहर भुजको निरिक्षण भ्रमण गरेर मुम्बईतर्फ जाँदै गरेका प्रधानमन्त्रीलाई हवाई जहाजभित्र अन्तर्वार्ता गर्नुले नै आजको दिनका पत्रिकामा कान्तिपुर अगाडि देखिएको हो । तर संवाददाताले प्लेन भित्रकै फोटो नराखेर प्लेनबाट ओर्लीएको फोटो राखेका छन् । शायदभित्रको फोटो स्तरिय नभएको हुनसक्छ । व्यवसायिक फोटो पत्रकारसँगै भैदिएको भए अझ सुनमा सुगन्ध हुन्थ्यो । अन्तर्वार्ताको चुरो भारतले नेपालको संविधानलाई समर्थन र स्वागत गरेको हो कि होईन भन्नेमा छ । प्रधानमन्त्री ओलीले शब्दका विभिन्न अर्थ खोजेर हिंडनेका पछाडि नलाग्नुस, महत्वपुर्ण उपलब्धि भनेको पनि स्वागत गरेभन्दा ठूलो हो भनेर अन्तर्वार्तामा भनेका छन् । उता कान्तिपुरकै पृष्ठ सातको विविधामा दिल्लीदर्पण कोलममा तिनै अन्तर्वार्ता गर्ने संवाददाताले संविधानलाई भारतले स्वागत गरेको स्पष्ट लाईन नआएसम्म प्रम ओलीको भ्रमणको सार नहुने तर्क गरेका छन् । समाचारको अन्तर्यसम्म जाने कार्यमा आजको अन्नपूर्ण पोष्ट पनि अगाडि देखिएको छ । अन्नपूर्णमा नयाँ दिल्लीबाट सन्तोष घिमिरेले लेखेको समाचारमा प्रम ओलीको भ्रमणको अन्त्यमा नेपाल र भारतको संयुक्त विज्ञप्तिबारे विवाद भएको विषयलाई उठाएका छन् । अन्नपूर्ण पोष्टको तीन कोलमको मुख्य समाचारका अनुसार संविधानलाई स्पष्ट भाषामा स्वागत गर्ने विषयमा भारत अनिच्छुक देखिएपश्चात सो समस्या आएको हो । यदि भारतले संविधानको स्वागत स्पष्ट शब्दमा नगर्ने हो भने नाकाबन्दी पुरै नहट्ने आशंका रहन्छ । त्यस्तो अवस्थामा प्रधानमन्त्री ओलीको भ्रमण असफल हुने अवस्था आउँछ । नाकाबन्दी सम्पुर्ण रुपमा हटि नसकेको व्यहोरा कारोबार दैनिकको आजको मुख्य समाचारले पनि पुष्टि गरेको छ । उक्त दैनिकका अनुसार ईण्डियन आयल कर्पोरेशनले माथिबाट निर्देशन नआएको भन्दै नेपालले मागेजति तेल दिन नसक्ने र मागको ७० प्रतिशत मात्र दिने व्यहोरा औपचारिक रुपमा जनाएको छ । कारोबारका मोहन गुरुङले लेखेको समाचार अनुसार, आईओसीको उक्त भनाई पश्चात नेपालले पेट्रोल र खाना पकाउने ग्यासको आयात बढाएर डिजलको आयात कम गर्ने सोँच बनाएको छ । प्रधानमन्त्री ओलीको भारत भ्रमणलाई महत्व दिदै राजधानी दैनिकले पाँच कोलममा बक्स गरेर फोटो सहित समाचार छापेको छ । तर उक्त दैनिकले घटनालाई मात्र सरसर्ती समाचार बनाएको देखिन्छ । नयाँपत्रिकाले पनि प्रधानमन्त्रीको भारत भ्रमणलाई नयाँ ढंगले हेरेको छ । उसले आठ कोलमको हेडलाईनमा ‘किन भारत जान्छन् प्रधानमन्त्री’ भनेर ठूलो रहस्योद्घाटन गरेजस्तो देखाएपनि वास्तवमा कुन–कुन प्रधानमन्त्री भारत भ्रमणमा कहिले गए भनेर केवल ईतिहास मात्र केलाएको छ । यस्तो ईतिहास केलाउने कामका लागि दिईएको आठ कोलमको हेडलाईन सुहाउँदो छैन । बरु पर्शुराम काफ्लेले नयाँ दिल्लीबाट फाईल गरेको प्रधानमन्त्रीको दिल्ली भ्रमणको चारदिन समाचारमूलक छ । प्रधानमन्त्री ओलीको भारत भ्रमणलाई सबैभन्दा बेवास्ता नागरिक दैनिकले गरेको देखिन्छ । उसले प्रथम पृष्ठमा भ्रमणको कुनै समाचार छापेको छैन । भ्रमणको विषयमा केवल दोस्रो पृष्ठमा पातलो फोटो कोलाज छापेको छ । प्रमको भ्रमण पश्चात आजका दैनिकले महत्वदिएको विषय नेपाली कांग्रेसको तेह्रौ महाधिवेशनको हो । नागरिक, राजधानी दैनिक, अन्नपूर्ण पोष्ट तथा नयाँपत्रिकाले सुशील कोइरालाको निधनमा कांग्रेस कार्य समितिमा प्रश्न उठेको र छानविन गर्न माग गरिएको विषयलाई समाचार बनाएका छन् । नागरिक, कान्तिपुर र राजधानीले कांग्रेसको महाधिवेशनलाई प्रथम पृष्ठको माथि राखेका छन् । कान्तिपुरले नेकाको विधान संशोधन गरी पदाधिकारी बढाउने विषयलाई तीन कोलमको मुख्य समाचार बनाएको छ । कांग्रेसकोे समाचार एक दुई दिन देखि मिडियामा आइरहेकोले एक्सक्लुसिव हुन सकेको छैन । नयाँपत्रिकाले मध्यभागमा तीन कोलम स्थान दिएको छ र सानो फोटो पनि राखेको छ भने अन्नपूर्णले मध्यभागमा अलि ठूलो एक कोलम स्थानदिएको छ तर कलर ब्याकग्राउण्ड दिएर महत्वदर्शाएको छ । प्रथम पृष्ठको अन्य समाचारमा नागरिकले फेरि उपभोक्ता लुट्ने दाउ भन्दै निजी पेट्रोलियम आयातकर्ता विराट पेट्रोलियमले रु. १५५ प्रति लिटर तेल बेच्न सरकारसँग अनुमति मागेको समाचारलाई मुख्य समाचार बनाएको छ । पत्रिकाको ले–आउटका दृष्टिले अन्नपूर्ण पोष्ट आजपनि सफा र राम्रो देखिन्छ । कान्तिपुरको पनि ले–आउट आकर्षक छ, अन्यपत्रिकाको ले–आउट उल्लेख्य छैन । सम्पादकीयमा के छ ? नेपालबाट फागनु १२ गते प्रकाशित दैनिकमध्ये सबैले फरक फरक विषयमा सम्पादकीय लेखेका छन् । सबै पत्रिकाले फरक फरकविषयमा सम्पादकीय लेखेको मतलब अहिले मिडियाले एक स्वरमा उठाउनुपर्ने राष्ट्रिय महत्वको मुद्दा केही रहेनछ भन्ने थाहा हुन्छ । आजका सम्पादकीयमा कारोबार दैनिकले ‘आयल निगमको खराब नियत’भन्दै उपभोक्तालाई निगमले बढी मूल्यमा तेल बेचेर ठगी ग¥यो भनेको छ । अन्नपूर्ण पोष्टले भारतको हालको पानीको समस्यामा ‘जात, पानी र राजनीति’शिर्षकमा सम्पादकीय लेखेको छ । कान्तिपुरले विद्यालय पुनर्निर्माणलाई प्राथमिकता दिन आव्हान गरेको छ भने नयाँपत्रिकाले डलरको मुल्यबृद्धिबाट नेपाली अर्थतन्त्रमा पर्ने प्रभावका बारेमा लेखेको छ । नागरिकले भूकम्प पीडितलाई खाद्य अभाव भनेर सम्पादकीय लेखेको छ भने राजधानीले संविधान कार्यान्वयनमा गम्भीर बन्न घच्घच्याएको छ ।",Opinion,World,0.9669825,5225,786
"﻿डेब्यु टिम पनामा र आइसल्यान्ड यसपटक दुई देशले विश्वकपमा डेब्यु गर्दैछन् । पहिलो पटक फुटबलको सर्वोच्च प्रतियोगिता खेल्न लागेका यी दुई टिम आइसल्यान्ड र पनामामाथि सबैको नजर हुनेछ । उनीहरूले कसरी विश्वकपको यात्रा तय गरे, त्यो अरू धेरै देशका लागि प्रेरणा पनि हुन सक्छ । संयोगले दुवै देश क्षेत्रफल र जनसंख्याको दृष्टिकोणले साना छन् ।",Sports,Blog,0.96493787,328,55
"﻿ १९ वर्षको उमेरमा बुर्का खोलेर हिंड्न थालेकी घोराही–११ दाङकी सजिदा सिद्दिकी (३२) ले धर्म र परम्परा तोडेको आरोपमा अनेकौं आरोप खेप्नुपर्यो । तर, उनले हिम्मत हारिनन् । कारण, उनी मुसलमान महिलामा परिवर्तन देख्न चाहन्थिन् । “त्यतिवेला खुला रुपमा सामाजिक क्षेत्रमा काम गर्ने मुसलमान महिला कोही थिएनन्”, सजिदा भन्छिन्, “हामीले पनि खुला रुपमा पढ्न र काम गर्न पाउनुपर्छ भनेर उतिवेलै आवाज उठाएकी हुँ ।” सजिदा २०६० सालमा जिल्लामा सीप रोजगार तथा चेतनाका लागि सामाजिक संस्था (सिसा) स्थापना गरी मुसलमान महिला र बालबालिकाको अधिकारका लागि सक्रिय छिन् । उनको संस्था अहिले १५ जिल्लामा फैलिएको छ । पछिल्ला वर्षहरुमा मुस्लिम महिला र बालिकाको अवस्थामा थोरै सुधार आए पनि थुप्रै विकृति बाँकी रहेको सजिदाको अनुभव छ । “यसका लागि परिवारमै चेतना चाहिन्छ, महिलाले पनि बाहिर केही गर्न सक्छु भन्ने आँट गर्नुपर्छ”, उनी भन्छिन् । देविका घर्ती मगर, दाङ सजिदाको साहस",Entertainment,Employment,0.9647499,832,137
"﻿विपत्‌पछिको राहत वितरण र पुनर्निर्माणको व्यवस्थापन गर्न नेपाली राज्य समर्थ छैन । जुन राज्यले सामान्यवस्थामै आफ्नो नागरिक चिन्दैन, उसको रोजीरोटी र आवश्यकता बुझ्दैन, उसको निजी आपत्‌विपत्का बेला हात अघि बढाउँदैन, छिटो छरितो न्याय सम्पादनको प्रत्याभूति दिंदैन, त्यस्तो राज्यले सम्भारको संक्रमणकालमा लोक–कल्याणकारी भूमिका खेल्न सक्दैन । सबै राजनीतिक र प्राकृतिक उथलपुथलपछि नेपाली समाजमा एउटा साझ प्रवृत्ति देखापर्छ । शक्तिशाली वर्ग र त्यसको वरिपरिको सत्ता खोज्ने वर्ग विपत्‌को लाभांश बटुल्नमा व्यस्त हुने प्रवृत्ति । यिनीहरू सम्भारको दायित्वबाट भने पन्छिन्छन्, ‘शोकलाई शक्तिमा बदलौं’ त भन्छन्; तर शोकप्रति गम्भीर हुँदैनन् बरु शक्तिप्रति लालायित रहन्छन् । शक्ति प्राप्त गर्न पीडाको अर्को शृंखला थाल्न चुक्दैनन् । ‘विनाशलाई अवसर बनाऔं’ भन्नेहरू पनि देखापर्छन् तर तिनको अर्जुनदृष्टि अवसरमा केन्द्रित हुन्छ । अवसर जुराइ दिने भए सानोतिनो विनाश रच्न पनि पछि पर्दैनन् । यो प्रवृत्ति गणतन्त्रको घोषणापछि र २०७२ को भूकम्पपछि पनि देखियो । त्यसैले उथलपुथलपछि राज्यले पीडितको पक्षमा काम गरेन भनेर गरिने आलोचनाको खास अर्थ छैन । बरू राज्यले त्यस्तो दायित्व पूरा गर्न किन सकिरहेको छैन भनेर खोज्नुपर्छ । शासकवर्ग र त्योसँग उठबस गर्नेहरू असंवेदनशील भए, भनिन्छ । आफ्नो पारिवारिक र समूहगत स्वार्थमा लिप्त भए पनि भन्ने गरिन्छ । तर यस्तो स्वार्थ त सबैतिर छ । अन्तर्राष्ट्रिय गैरसरकारी संस्थामा भित्रियाहरूको जगजगी हुन्छ । तिनको वरिपरि खास–खास विशेषज्ञ संस्था हुन्छन् । केही विश्वव्यापी संस्थामा प्रोजेक्ट ‘मिलाउने’ देखि भर्ती गर्नेसम्ममा कमिशन खानेहरू छन् । नागरिक समाजका अङ्ग भनिने एनजीओमा ‘प्रक्रिया मिलाएर’ धेरैले आफ्ना मानिस भर्ती गरेका छन् । कति त संस्थापकका पेवा जस्तै बनेका छन् । यस्ता एनजीओलाई ‘तह लगाउने’ निकायमा परामर्शदाताको चयन ‘मिलाएरै’ हुन्छ । ‘सरकारी निकाय पारदर्शी र जवाफदेही हुनुपर्छ’ भनेर वकालत गर्ने एनजीओमा पनि भत्ता खाने र ‘लाइन मिलाउने’ काम दिनहुँ गरिन्छ । तर्कमा छोपिने सत्य सार्वजनिक संस्थाको आम्दानी समाजले दिएको नासो हो । तर त्यसलाई नातागोता र साथीभाइबीच मनपरी बाँडेर सामाजिक पूँजी बनाउनेहरू काठमाडौं खाल्डोमा जताततै छन् । सार्वजनिक थलोमा आदर्शको प्रतिरूप देखिने विज्ञ नै यो खेलमा लिप्त हुन्छ । सार्वजनिक कोषको दोहन र बाँडचुँड नेपालमा सर्वस्वीकृत अभ्यास हो । समाजमा घुलेर बसेको यो जजमानी प्रथाबाट– राजनीतिबाहेक केही गर्न नसक्नेहरू हुन् या सबैथोक गर्न सक्ने सरकारी अधिकारीहरू– ग्रस्त छन् । त्यसैले स्वार्थ त नेपाली समाजको स्वाभाविक अभिव्यक्ति भइसक्यो । तर सार्वजनिक नैतिकताको क्षय अहिले मात्र भएको होइन । विभिन्न कालखण्डमा सार्वजनिक जीवनमा को कति गिरेको प्रतिमान कायम हुने हो, त्यो हेर्न मात्र बाँकी छ । यसरी सबैतिर छाएको स्वार्थले राज्यलाई निकम्मा बनायो भन्ने तर्क पनि आंशिक सत्य मात्र भयो । ‘विपत्‌ व्यवस्थापनको दायित्व पूरा नगर्ने सरकारी कर्मचारी दण्डित हुँदैन, त्यसैले यो दुर्गति भएको हो’ भन्नेहरू छन् । यो टिप्पणी पछाडि ‘दायित्वबेगर अधिकार हुँदैन’ भन्ने मान्यता छ । ‘अधिकार प्रयोग गर्नेहरूले दायित्व निर्वाह गर्दैनन् भने तिनलाई अधिकारविहीन बनाउनुपर्छ’ भन्ने आशय यहाँ छ । तर दण्डहीनता नेपालमा संस्थागत भइसक्यो । उद्दण्डकर्ताहरूको गैरकानूनी गतिविधिकै लर्को लागेर राज्य प्रणालीको जग बनेको छ । राजनीतिक परिवर्तन र स्थिरता दुवैको आवश्यक शर्त हिंसा हो भन्नेहरूको यतिखेर बहुमत छ । हरेक राजनीतिक उथलपुथलपछि सबैखाले गम्भीर अपराधलाई समयको माग ठहर्‍याउने बलियै परम्परा बनिसकेको छ । यस्तो अवस्थामा ‘दोषी को ?’ भनेर खोज्ने बेला पनि घर्किसक्यो । किनभने दोषी कहलिएकाहरू सर्वशक्तिमान् भइसके । तिनले ‘को निर्दोष बाँकी छ र !’ भनेर खोज्न थालिसके । कहिल्यै दण्डित हुनु नपरेको मानिस कतै भेटिए उसैको बलि लिने जोसुकैको ध्याउन्न देखिन्छ । त्यस्तो बलिको भाग खाने÷ख्वाउने प्रचलन सामाजिक भेटघाटको अभिन्न संस्कार बनिसकेको छ । दोषीहरू र दोषलाई सम्पन्न जीवनको खुट्किला ठान्नेहरू यस्तै खोजका मतियार छन् । यो उद्दण्ड वृत्तिमा क्रान्तिकारिता देख्ने रोगले समाजलाई सिङ्गै गाँजेको छ । धेरै पीडितलाई र तिनको पक्षमा वकालत गर्ने अभियन्ताहरूलाई पनि यो रोग लागेको छ । वि.सं. १९९० तिर कथित एकतन्त्रीय शासकहरूले पनि प्रभावित घरपरिवारलाई चिन्ने प्रयास गरे । अहिले लोकतान्त्रिक गणतन्त्रका संवाहक भन्नेहरूले पीडितको आवश्यकता र चाहनालाई चिन्ने प्रयास गरेनन् । बिचौलियाहरूलाई खेल्ने ठाउँ दिएको राज्य तिनको संरक्षक नै भएको छ । पीडितसम्म राहत पुर्‍याउने संस्थाहरू पनि यही रोगले ग्रस्त छन् । यसको उदाहरण जनजाति आन्दोलनका अभियन्ता हुन् या मधेश, दलित वा अन्य आन्दोलनका– सर्वत्र एउटै रोग देखिन्छ– पीडित भन्दा पनि चर्को ‘क्रान्तिकारी’ बन्ने । त्यस्तै कुनै राहत वितरण गर्ने वा कतै सानो सेवा वा सहयोग गर्‍यो भने सरकार, राज्य वा अन्यलाई ठूलो स्वरमा गाली गर्ने र ‘क्रान्तिकारी’ बन्ने प्रवृत्ति व्याप्त छ । त्यसैले दण्डहीनताको तर्क पनि अपूरो छ । एकात्मक भएकैले राज्यले समाजको विविधतालाई उपेक्षा गर्‍यो भन्ने तर्क पनि छ । उदाहरणको लागि, ‘२०७२ को भूकम्पले सबैभन्दा प्रभावित तामाङ समुदायले भोगेको दुःखको प्रतिनिधित्व राहत वितरण र पुनर्निर्माणमा भएन । राज्यका विभिन्न निकायमा सजातीय र एकलभाषी प्रभुत्व छ । त्यसो हुँदा तामाङलगायतका सीमान्तीकृत समुदायको दुर्गतिउपर ध्यान पुगेन’, भनिन्छ । अथवा, ‘नृशंस बहुमतद्वारा सञ्चालित सरकारलाई अल्पसंख्यक र प्रतिनिधित्वविहीन समूहको अपेक्षा पूरा गर्नुपर्ने बाध्यता रहेन’ पनि भनिन्छ । लोकतन्त्रमा गणितीय बहुमत सर्वोपरि हुन्छ भन्ठान्नेहरू सरकारमा छन् । तिनले सरकार ढल्दैन भन्ने उद्‌घोष गरे भइहाल्यो । तिनको वैधानिकतालाई कसैले चुनौती दिन सक्ने भएनन् भन्ने पनि छन् । यसरी तर्क गर्नेहरूले पञ्चायत छँदा, अल्पमत अथवा संयुक्त सरकार छँदा पनि विभिन्न खाले विपत्मा राज्यले चालेका पाइला प्रभावकारी थिएनन् भन्ने बुझेको देखिएन । अझ् त्यतिबेला स्थानीय निकाय त पीडित र प्रभावितहरूको वर्ग, जात र भाषाका मानिसले हाँकेको अवस्थामा थियो । तर तिनका गतिविधि पनि सन्तोषजनक नभएको तथ्यलाई मनन् गरेको देखिएन । नेपालको विपत् प्रतिक्रिया र व्यवस्थापनको इतिहास केही नायक र धेरै खलनायकको कथाको रूपमा देखिन्छ । यो कथा त्यसै लोकप्रिय भएको होइन । प्रणालीगत कमजोरीको दीर्घ रोगले समाजका सबैजसो अङ्ग जर्जर भइसकेका छन् । यस्तोमा महामानवहरूको खोजीमा आस्था बढ्नु स्वाभाविकै हो । अक्षम राज्य खास कुरो के हो भने विपत्‌पछिका राहत वितरण र पुनर्निर्माणको व्यवस्थापन गर्न नेपाली राज्य समर्थ छैन । जुन राज्यले सामान्यवस्थामै आफ्नो नागरिक चिन्दैन, उसको रोजीरोटी र आवश्यकता बुझ्दैन, उसको निजी आपत्‌विपत्‌का बेला हात अघि बढाउँदैन, छिटो छरितो न्याय सम्पादनको प्रत्याभूति दिंदैन, त्यस्तो राज्यले सम्भारको संक्रमणकालमा लोककल्याणकारी भूमिका खेल्न सक्दैन । १९९० सालका भूकम्पपीडितको राहत र पुनर्निर्माण आवश्यकता निश्चित गरिएको भूकम्पपीडितोद्धारक संस्थाको विवरण। त्यस्तो आश गर्नु इतिहासप्रति अचेत हुनु हो । यतिखेर पनि राज्य हाँक्ने नेतृत्व र आसेपासे वर्ग÷समूहबीच पक्ष र प्रतिपक्ष जस्तो जुहारी चलेको छ । विपक्षले संस्थापनलाई ‘संवेदनाहीन र विफल’ भन्छ । संस्थापनले विपक्षलाई नसघाएको आरोप लगाउँछ । तर वास्तविकतामा विपत् व्यवस्थापन र पुनर्निर्माणको दायित्व बोक्न यी दुवै अक्षम छन् । जुन तिनले पनि बुझेका छन्, नभनेका मात्र हुन् । यो कुरो प्रत्येक सङ्कटपछि उद्धार, राहत वितरण र पुनर्निर्माण राज्यका परम्परागत निकायबाट हुँदैन, बरु चेन अफ कमाण्डबाट चल्ने ‘हाइरार्की’ स्पष्ट छुट्टिएको सेना परिचालन गर्नुपर्छ अथवा विशेषाधिकारसम्पन्न उच्चस्तरीय प्राधिकरण नै चाहिन्छ भन्ने कुरोमा तिनको एकमत रहेबाट पुष्टि हुन्छ । जबकि लोकतन्त्रमा नेता र जनताबीचको सम्बन्ध यस्तो हुनुहुँदैन । शायद यो सम्बन्ध थिएन पनि । तर पछिल्लो समयमा नेता र जनताबीचको सुमधुर सम्बन्धमा खास पक्षले हस्तक्षेप गरिरहेको छ र सम्बन्धमा पनि एक खालको ‘हाइरार्की’ बन्दै गइरहेको छ । राज्यको स्थायी संरचना कुनै उच्चस्तरीय अस्थायी प्राधिकरणभन्दा पारदर्शी हुन्छ, असैनिक संरचना सुरक्षा निकायभन्दा बढी लोकतान्त्रिक र उत्तरदायी हुन्छ । तैपनि विपत्ति परेको बेला पीडित त पीडित भए, दातृ निकाय र नागरिक समाजसमेत ‘इमर्जेन्सी’ गफमा बहकिन्छन् । कुनै संस्थालाई सङ्कटमोचक भनेर प्रस्तुत गर्छन् र त्यसैको पाउमा पारदर्शिता र जवाफदेहितालाई लगेर तिलाञ्जली दिन्छन् । अरू बेला नागरिक अधिकार र जवाफदेहिताको दुहाइ दिनेहरू नै त्यस्तो संस्थाको निरंकुश नीति र प्रक्रिया स्वीकार्छन् । छिटोभन्दा छिटो राहत वितरण र पुनर्निर्माणमा सघाउन भनेर आपूर्ति र खरीद प्रक्रियालाई अपारदर्शी बनाउँदा बोल्दैनन् । ‘शोकलाई शक्तिमा बदलौं’ वा ‘विनाशलाई अवसर बनाऔं’– प्रत्येक राजनीतिक/प्राकृतिक विपत्तिपश्चात चल्ने यस्ता नारामार्फत नेपाली समाजमा हतारको यस्तो माहोल बनाइन्छ, जहाँ विपत्तिको प्रतिक्रिया पीडितको पीडा र आवश्यकताकेन्द्रित हुनुको सट्टा बिचौलियाको बजारको रूपमा प्रकट हुन्छ र राज्य नै ती बिचौलियाको संरक्षक भइदिन्छ । २०७२ सालको महाभूकम्पपछि पनि यही भयो । पुनर्वासका निम्ति गरिने जग्गा अधिग्रहण प्रक्रियाउपर गुनासो, सुनुवाइ र फिरादलाई निरर्थक बनाउँदा बोल्दैनन् । नियमित र सन्तुलित प्रक्रियालाई तोडेर आकस्मिक आवश्यकताको तर्क दिंदै समानान्तर सरकार चलाउँदा चूप बस्छन् । माहोल पनि यस्तै बन्छ । सङ्कटको घडीमा पारदर्शिताको कुरा गर्नु राजनीतिक दृष्टिले ठीक मानिंदैन । यो माहोलले विपत्‌का बेला राज्य र नागरिकलाई एकैठाउँमा ल्याउनु साटो दुईतिर धकेलेर बिचौलिया शक्तिलाई ठाउँ दिन्छ । सङ्कटका बेला लोकतान्त्रिक विधिलाई स्थगित गर्नुहुन्छ र गर्नुपर्छ भन्ने मान्यता स्थापित नै हुनपुग्छ । विपत्तिका बेला आलोचना, विमति र असहमतिका स्वर सुनिरहनु पर्दैन भन्ने मान्यता सर्वसाधारणमा पनि उत्तिकै छ, जति समाजका अगुवाहरूमा । प्रभावकारी राहत वितरण र पुनर्निर्माण सम्पन्न गर्न बिचौलिया चाहिनु नेपाली समाजको जरोमा बसेको अलोकतान्त्रिक चरित्र फस्टाएको एउटा उदाहरण मात्र हो । सक्षम बिचौलिया बिचौलिया संस्थाको आवश्यकता महसूस हुनु नै राज्य र जनसमुदाय टाढिंदैछन् भन्ने प्रमाण हो । नेपाली समाजमा सार्वजनिक जीवन फराकिलो हुँदैछ भनिन्छ । बढ्दो संख्या र विविध पृष्ठभूमिका नागरिकले आफ्नो अभिव्यक्ति दिने अवसर जुर्दैछ भनिन्छ । सरकारी र सार्वजनिक संस्था बढी सहभागिता र प्रतिनिधिमूलक हुँदैछ भनिन्छ । तैपनि किन राज्य र जनताबीच खाडल बढ्दो छ भन्ने प्रश्न महत्वपूर्ण हो तर त्यसरी प्रश्न गरिंदैन । वि.सं १९९० र २०७२ को भूकम्पपछिको राहत वितरण र पुनर्निर्माणको तुलना गरेर यो प्रश्नको एउटा उत्तर पाउन सकिन्छ । अहिले पुनर्निर्माण प्राधिकरणले विज्ञहरूको मद्दत लिएर क्षति विवरणको अनुमानित रकम निकाल्यो । पुनर्निर्माणको लागत हिसाब गर्‍यो । आन्तरिक र विदेशी सहयोगको लागि अनुरोध गर्‍ यो । प्रभावित परिवारलाई निश्चित रकमको राहत, अनुदान र ऋण दिने घोषणा गर्‍यो । र यी रकम घरधुरीको आवश्यकता र चाहना अनुसार फरक–फरक छैनन् । राज्यको यो कदमले सक्षम र अक्षम परिवारबीच फरक देखेन । राजनीतिक र सामाजिक स्रोतमा हुने फरक–फरक पहुँचका परिवारलाई छुट्याएन । विविध सांस्कृतिक र परम्परागत अनुभव भोगेका समुदायबीच भेद देखेन । भौतिक सम्पदाको रूपान्तरण र हस्तान्तरणका बेग्लाबेग्लै तरीका अपनाउने जातजाति खुट्याएन । हचुवाको भरमा सबैलाई एउटै डालोमा राखियो । कतिसम्म भने आफैं पुनर्निर्माण गर्ने इच्छासमेत कुण्ठित गर्‍यो । यसबाट ‘राज्यले हामीलाई चिन्दैन’ भन्ने भावना सबैतिरका पीडित परिवारमा पर्न गयो । प्रभावित परिवार र लक्षित समुदायको अनुभव र स्व–व्यवस्थापन क्षमताको राज्यले अवमूल्यन गर्दोरहेछ भन्ने पर्न गयो । वि.सं. ११९० को भूकम्पमा पीडितको चाहना बुझ्न लिइएको घरधुरी तथ्यांक। हामी अहिले वि.सं. १९९० को भूकम्पपछि राणाशासन व्यवस्थाको प्रतिक्रियासम्बन्धी अनुसन्धान गरिरहेका छौं । उपलब्ध अभिलेखले समग्रमा राणाशासन नै अहिलेको लोकतान्त्रिक सरकारभन्दा बढी सूचना सङ्कलनमा छरितो थियो भन्ने देखाउँछ । त्यो ‘क्रूर’ शासन नै प्रभावित जनसमूहको चाहना नाप्न संवेदनशील थियो । राहत, ऋण र अनुदान वितरणमा प्रभाव",Interview,Opinion,0.9639737,10327,1574
"﻿विश्वकै सबैभन्दा वृद्धि महिला सुसान्नाह मुसात जोन्सको बिहीबार निधन भएको छ । उनी११६ वर्षकी थिइन्। लसएन्जेल्सस्थित जेरन्टोलोजी (वृद्धवृद्धामा लाग्ने रोग अध्ययन विज्ञान) रिसर्च ग्रुपका वरिष्ठ चिकित्सक रोवर्ट योङले भन्नुभयो, जोन्सको बुकलिस्थित बिहीबार मृत्यु भएको छ। उक्त वृद्धाश्रममा तीन दशकदेखि बस्दै आउनुभएकी जोन्स गत १० दिनयतादेखि बिरामी थिइन्। उनको मन्टगोमेरी अलावामामा सन् १८९९ मा जन्म भएको थियो। एघार जना दाजुभाइ/दिदीबहिनीमध्ये एक जोन्...",Entertainment,Sports,0.9629738,442,61
"﻿ ५ असोज, काठमाडौं । नेपाल बैंकमा ४७ जना कनिष्ठ सहायक पदका लागि जागिर खुलेको छ । उक्त जागिरका लागि प्लस टु पास गरेका व्यक्तिले आवेदन दिन सक्नेछन् । जागिर खान इच्छुकले १५ दिन भित्र आवेदन दिइसक्नुपर्नेछ । लिखित, प्रयोगात्मक तथा अन्तरवार्ता प्रणालीबाट परिक्षा सञ्चालन हुने भएकाले सरकारी बैंक भएपनि सोर्स-फोर्सले काम नगर्ने बैंकका अधिकारीहरुले बताएका छन् । बैंकले बुधबार सार्वजानिक सूचना जारी गर्दै खुल्लातर्फ २६, महिला ७, आदिवासी जनजाति ६, मधेशी ४, दलित २ र अपांग तथा पिछडिएको क्षेत्रमा १-१ जनाका लागि आवेदन मागेको छ ।",Employment,Bank,0.95970154,515,87
﻿गत शनिवार बिहान २ बजे हलिउड हिलस्थित एउटा घरमा ४१ वर्षिय होङलाई निधन अवस्थामा प्रहरीले फेला पारेका थिए। उनको हत्या शुक्रबार राती भएको प्रहरीले अनुमान लगाएको छ। निधन भएको होङको शरीरभरि चोटपटकको निसान रहेको प्रहरीले जनाएको छ। घटना क्यानेडाका टिभी प्रस्तोता जर्ज स्ट्रोमबाउलोपोउलोजको घरमा भएको अनुसन्धानको क्रममा खुलेको छ। ४३ वर्षिय जर्जले होङ आफ्नो नजिकैको मित्र भएको र आफ्नो न्युयोर्कस्थित घरमा बस्ने गरेको बताएका छन्।,Entertainment,World,0.9562697,418,65
"﻿ ﻿काठमाडौं । ट्रेकिङ एजेन्सी एसोसिएशन नेपाल (टान) ले ३८ औं वाषिर्कोत्सवका अवसरमा आइतबार रसुवामा हाफ म्यारथन आयोजना गर्ने भएको छ । टानले गोसाइकुण्डदेखि धुन्चेसम्म २१ किलोमिटरको म्याराथन गर्न लागेको हो । टानले गर्न लागेको प्रथम टान लाङटाङ (गोइसाइकुण्ड हाफ म्याराथनमा ६ जना विदेशीसहित १ सय ३ जना धावकले सहभागि हुनेछन् । प्रतियोगितको आइतबार वनमन्त्री अग्नी सापकोटाले उद्घाटन गर्ने कार्यक्रम छ । भूकम्पपछि पनि लाङटाङ पदमार्ग सुरक्षित छ भन्ने सन्देश दिन कार्यक्रम गरिएको टानका उद्धार संयोजक देवी पाण्डेले बताए । प्रतियोगितमा प्रथम हुन नगद ५० हजार, द्वितीय हुनेले ३० हजार र तृतीय हुनेले २० हजार रुपैया हात पार्नेछन ।",Tourism,Sports,0.9537011,610,99
"﻿अजय कुमार झा [ "" 8424"" "" ""163""] अजय कुमार झा[/ स्वास्थ्य नै धन हो । स्वस्थ शरीरभित्र स्वस्थ विचारको वास हुन्छ । ‘बेटर हेल्थ—वेटर लाईफ’; ‘अन्न अनुसारको मन’ उखानै छ । स्वस्थ हावा, खाना, पानी, वातावरण आदि स्वस्थ जीवनका आधार हुन् । अस्वस्थ हावा, खाना, पानी तथा वातावरणकै कारणबाट धेरै जसो रोग लाग्दछन् । राम्रो स्वास्थ्य र दिर्घायु जीवनको लागि स्वस्थ र स्वच्छ खाद्यवस्तु उपभोग गर्न पाउनु उपभोक्ताको अधिकार हो । उपभोक्ताको हक हितको संरक्षण गर्न वर्तमान संविधानमा उपभोक्ता हक भनी मौलिक हकको रूपमा राखिएको छ । उपभोक्ता संरक्षण ऐन, २०५४, उपभोक्ता संरक्षण नियमावली, २०५६, खाद्य ऐन, २०२३, नेपाल गुणस्तर प्रमाण चिन्ह ऐन, २०३७, पशु वधशाला र मासु जाँच ऐन, २०५५, पशु वधशाला र मासु जाँच नियमावली, २०५७ जस्ता कानुनको तर्जुमा समेत गरिएको पाइन्छ । उपभोग्य वस्तुहरू जहिले पनि सफा सुग्घर ठाउँमा बिक्री वितरण गर्नु पर्ने प्रावधान छ । सर्वसाधारण जनताको स्वास्थ्य र हित कायम राख्न मासु तथा मासुबाट बन्ने खाद्य पदार्थमा मिसावट रोक्न र मासुमा हुने स्वस्थता तथा मासुको स्वाभाविक गुण बिग्रन नदिन तथा उ पयुक्त स्तर कायम राख्नको लागि पशु वधशाला स्थापना गर्ने र मासु जाँच गर्र्नेे सम्बन्धमा व्यवस्था गर्न पशु वधशाला र मासु जाँच ऐन, २०५५ ल्याइएकोे हो । पशु वधशाला र मासु जाँच ऐन, २०५५ ले रोग लागी वा नलागी कालगतिले मरेको पशुको मासु तथा छाला सहितको मासु बिक्री गर्न नपाइने व्यवस्था गरेको छ भने पंक्षी, सुंगुर, बंगुर वा बँदेलको मासु र पशुको जात चिनाउन आवश्यक पर्ने जति हिस्साको मासु वा पशुको टाउको वा खुट्टा छाला सहित बिक्री गर्न भने पाइने व्यवस्था गरेको छ । त्यस्तै एक जातको पशुको मासुलाई अर्को जातको पशुको मासु हो भनी वा एक जातको पशुको मासु र अर्को जातको पशुको मासु मिसावट गरी तथा मासुको स्वाभाविक गुण वा स्वाद परिर्वतन गर्ने वा तौल बढाउने गरी कुनै पदार्थ मासुमा मिसाई बिक्री गर्न नपाइने व्यवस्था गरेको छ । यदि त्यस्ता क्रियाकलाप गरेमा त्यस्तो व्यक्तिलाई पहिलोपटक १० हजार रुपैयाँसम्म र दोस्रो पटक २० हजार रुपैयाँसम्म जरिवाना वा ३ महिना कैद वा दुवै सजाय हुने व्यवस्था छ । परम्परादेखि चली आएको चाडपर्व, धार्मिक पूजाआजा, कुनै भोज भतेर वा धार्मिक उत्सव जस्ता कार्यको सिलसिलामा पशु वधशाला बाहेकको स्थानमा पशुवध गर्न र छाला सहितको मासु उपयोग गर्न पशु वधशाला र मासु जाँच ऐन, २०५५ ले बाधा पु¥याएको छैन । पशु भन्नाले गाई, गोरु, साँढे बाहेक भाले जातको खसी तुल्याएको वा नतुल्याइएका बोका, भेंडा, च्यांग्रा, सुंगुर, बंगुर, बँदेल रांगो वा खरायो मासुको लागि योग्य देखिएको भैंसी, बाख्रा, पोथी जातको भेंडा, च्याङग्रा, सुंगुर, बंगुर, बँदेल वा खरायो सम्झनु पर्दछ र सो शब्दले भाले वा पोथी जातको कुखुरा, हाँस, परेवा वा मासुको प्रयोजनको लागि पालिएको अन्य पशु पंक्षी समेत सम्झनु पर्छ भनी पशु वधशाला र मासु जाँच ऐन, २०५५ को दफा २(क) ले परिभाषित गरिएकोे छ । पशु वधशाला र मासु जाँच ऐन, २०५५ ले रोग लागी वा नलागी कालगतिले मरेको पशुको मासु तथा छाला सहितको मासु बिक्री गर्न नपाइने व्यवस्था गरेको छ भने पंक्षी, सुंगुर, बंगुर वा बँदेलको मासु र पशुको जात चिनाउन आवश्यक पर्ने जति हिस्साको मासु वा पशुको टाउको वा खुट्टा छाला सहित बिक्री गर्न भने पाइने व्यवस्था गरेको छ । त्यस्तै एक जातको पशुको मासुलाई अर्को जातको पशुको मासु हो भनी वा एक जातको पशुको मासु र अर्को जातको पशुको मासु मिसावट गरी तथा मासुको स्वाभाविक गुण वा स्वाद परिर्वतन गर्ने वा तौल बढाउने गरी कुनै पदार्थ मासुमा मिसाई बिक्री गर्न नपाइने व्यवस्था गरेको छ । यदि त्यस्ता क्रियाकलाप गरेमा त्यस्तो व्यक्तिलाई पहिलोपटक १० हजार रुपैयाँसम्म र दोस्रो पटक २० हजार रुपैयाँसम्म जरिवाना वा ३ महिना कैद वा दुवै सजाय हुने व्यवस्था छ । परम्परादेखि चली आएको चाडपर्व, धार्मिक पूजाआजा, कुनै भोज भतेर वा धार्मिक उत्सव जस्ता कार्यको सिलसिलामा पशु वधशाला बाहेकको स्थानमा पशुवध गर्न र छाला सहितको मासु उपयोग गर्न पशु वधशाला र मासु जाँच ऐन, २०५५ ले बाधा पुरयाएको छैन । वध गरेको २४ घण्टासम्म डिप–फ्रिजमा राखेको हुनु पर्ने, वध गरिने पशु चौपायालाई तनावबाट मुक्त गराइनुपर्ने, हिँडाएर ल्याएको कम्तीमा २ दिन पछि मात्र वध गर्नु पर्ने लगायत व्यवस्था गरिएको छ । पशुपंक्षीको उत्पादन नै दुग्धजन्य पदार्थ अण्डा, मासु लगायतको वस्तुको उपभोगको लागि हो । पशुपंक्षीको मासु एनिमल प्रोटिनको एक मुख्य स्रोत हो । मानिसले खान योग्य स्वस्थकर पशुपंक्षीको मासु शरीरको लागि लाभदायक मानिन्छ । तर राजविराज नगरपालिकास्थित माछा बजार (फिस मार्केट) वरिपरि एकदमै फोहोर रहेको पाइन्छ । वरिपरि रहेको दुर्गन्धित फोहोर नालाहरू एवं सुंगुरको गोबरले माछा बिक्री स्थानको वातावरण प्रदूषित बनाएको छ । फोहोर वस्तुहरूले माछा संक्रमित हुने र यसबाट उपभोक्तालाई रोग लाग्न सक्ने हुन्छ । माछा संक्रमित भएपछि स्वस्थ माछा उपभोग गर्न पाइँदैन । राजविराज नगरपालिकाबाट संचालित व्यवस्थित मासु बजार (मिट मार्केट) अव्यवस्थित मासु बजारमा परिणत भएको सहजै देख्न सकिन्छ । यसको हालत पनि राजविराजको माछा बजार जस्तै छ । कहिल्यै पनि फोहोर ठाउँ वा दुर्गन्धित नालाको छेउछाउमा खसी, बोका, कुखुरा, बंगुर, राँगाको वध गरेर मासुको बिक्री गर्नु हुँदैन । यस्तो काम मानव स्वास्थ्यको लागि हानिकारक हुन्छ । त्यसैले माछा, मासु बिक्री स्थान जहिले पनि एकदमै सफा सुग्घर हुनु पर्दछ । जहिले पनि सफा र व्यवस्थित पसलबाट मात्र मासु खरिद गर्नु पर्दछ । राजविराज नगरपालिकामा संचालित अधिकांश फ्रेश हाउस डर्टी हाउसमा परिणत भएका छन् । लोकल, बोईलर र लेयर कुखुरा काट्दा त्यसबाट निस्कने प्वाँख, भुँडी, खुट्टा, टाउको जस्ता वस्तुहरू व्यवस्थापन गर्ने ठाउँको एकदमै अभाव देखिन्छ । फ्रेश हाउसहरूमा झिंगा भन्की रहेको पाइन्छ । झिंगाले विभिन्न रोग फैलाउन सक्ने भएकोले झिंगा नियन्त्रणको लागि अपनाउनुपर्ने उपायहरू अवलम्बन गर्नुपर्ने देखिन्छ । कुखुरा मासुको उपभोक्ताका स्वास्थ्यसँग खेलबाड भई रहेको पाइन्छ । यस क्षेत्रमा भइरहेका यावतका विकृतिहरू हटाइनै पर्छ । रोग नलागेको स्वस्थ लोकल, बोईलर तथा लेयर कुखुरा मात्र बेचबिखन गर्न पाइने व्यवस्थालाई कडाईका साथ लागू गर्नु गराउनु पर्ने देखिन्छ । कुखुराको मासु सस्तो दरमा पाइने हुँदा आम उपभोक्ताले यो मासु बढी मात्रामा खरिद गर्ने गरेको पाइन्छ । बजारमा रोगी, मरेको खसी, बोका, कुखुराको मासु बिक्री भई रहेको पनि सुन्नमा आइरहेको हुन्छ । स्वास्थ्य र स्वादको लागि कहिल्यै पनि मरेको, रोगी, सडेगलेको माछा मासु सेवन गर्नु हुँदैन । जथाभावी वध गरेको तथा बिक्रीमा राखिएको मासु खानु हुँदैन । सदैव स्वस्थ र स्वच्छ माछा मासु मात्र उपभोग गर्नु पर्दछ । मासुको लागि स्वस्थ पशुपक्षीमात्र वध गर्नु पर्दछ । स्वस्थ माछा मासु उपभोक्ताकोे दैनिक आवश्यकताको विषय मात्र होइन, अधिकारको विषय पनि हो । वातावरण स्वच्छ नभएको, मापदण्ड पूरा नगरी उत्पादन गरिएको मासु बिक्री स्थानलाई सुधार गर्नु नितान्त आवश्यक देखिन्छ । फोहोर ठाउँमा वध गरिएको फोहोर वा अस्वस्थ मासुले रोग निम्त्याउनुका साथै फुड प्वाईजनिङ्ग भएर ज्यानै जाने जोखिम पनि हुन्छ । आधुनिक औषधी र प्रविधिद्वारा हुर्काइएको जनावरको मासुले मुटुरोग, मधुमेह, क्यान्सरजस्ता घातक रोग निम्त्याउँछ । पशुपंक्षीबाट मानिसमा सर्ने रोगहरुमध्ये क्षयरोग पनि एक हो । धेरै मानिसमा यी रोग पशुबाटै सर्ने गरेको छ । आम उपभोक्ता दूध, दही, मासुको सेवनप्रति सचेत छैनन् । कतिपयले काँचो दूधलाई नतताई दही बनाउने, पञ्चामृतमा काँचो दूधको प्रयोग गर्ने गरिएको पाइन्छ । दूध दिने चौपाया क्षयरोगी भए स्वतः दूध पिउने मानिसमा क्षयरोग सर्ने प्रवल सम्भावना हुन्छ । क्षयरोग ग्रस्त पशुको दूध राम्ररी नउमाली सेवन गरेमा तुरुन्त क्षयरोग लाग्न सक्छ । राजविराज नगरपालिकामा खान अयोग्य माछा मासु बिक्री गरेर नाफा कमाउने प्रवृत्ति बढेको छ । माछा मासु व्यवसायलाई कानुनको दायरामा ल्याएको पाइँदैन । उपभोक्ता खासगरी दूषित र गुणस्तरहीन मासु प्रयोग गर्न बाध्य बनाइएका छन् । मासु पसलहरु व्यवस्थित छैनन् भने व्यवस्थित बनाउने प्रयत्न समेत हालसम्म भएकोे पाइँदैन । मासु व्यवसायीले न्यूनतम आधारभूत मापदण्ड समेत पालना गरेको देखिदैन । फोहोर मासुजन्य पदार्थको कारणबाट रोग लाग्न सक्छ । यसको जिम्मेवारी कसले लिन्छ त ? कहीँ हामीले पोषणयुक्त आहारको सट्टा रोग निम्त्याई रहेका त छेनौं । अव्यवस्थित तथा अस्वस्थ माछा मासु बिक्री वितरण गर्ने व्यवसायी उपर प्रभावकारी अनुगमन गरी कार्यवाही गरिनु पर्दछ । २०७२ पौष ९ गते मन्त्रिपरिषद्को बैठकले कृषि मन्त्रालय टुक्र्याएर गठन गरेको पशु पक्षी विकास मन्त्रालयले आम मानिसको स्वास्थ्यलाई मध्यनजर गर्दै कृषि उपजमा “आलीदेखि थालीसम्म” तथा दूधमा “गोठदेखि ओठसम्म” र मासुमा “वधशालादेखि पाकशालासम्म” स्वच्छता हुनुपर्ने अभियानलाई देशभर निरन्तर चलाउनुपर्ने देखिन्छ । व्यवसाय कारोबार गर्नको लागि सम्बन्धित निकायमा व्यवसाय कारोबार दर्ता गरी व्यवसाय कारोबार दर्ताको प्रमाणपत्र तथा आन्तरिक राजस्व विभागबाट जारी गरिएको स्थायी लेखा नम्बर दर्ता गरी प्रमाणपत्र लिएर मात्र व्यवसाय कारोबार गर्नुपर्ने कानुनी व्यवस्था हुँदा हुँदै पनि सप्तरीमा केही मासु पसलहरू दर्ता समेत नगरी संचालनमा आएको पाइन्छ । मासु पसल दर्ता समेत नगरी मासु व्यवसाय गर्ने व्यवसायीलाई राजस्व (कर) छली गरेको अभियोग लगाई सरकारले अविलम्ब कानुनी कार्यबाही गर्नु पर्दछ । नेपालमा सुन्दर योजनाहरू त बन्ने तर कार्यान्वयन हुन नसक्ने अवस्था रहँदै आएको एवं सरकारले कानुन बनाउन कन्जुश्याइँ नगरे पनि सो अनुरूप कार्यान्वयनमा कडाई गर्न नसकेको अवस्था अन्त्य गर्न तथा बलियो कार्यान्वयनको लागि राजविराज नगरपालिकाले नगरको निश्चित क्षेत्रमा पशु वधशाला स्थापना गरी सोही ठाउँमा मात्र पशुपक्षी वध गरिनुपर्ने गरी संचालन गर्नु गराउनुका साथै पशुपक्षी वध गर्नु पूर्व रोग लागेको छ वा छैन भनेर परीक्षण गराउनुपर्ने, मानिसले खान योग्य पशुको मासु बिक्री गर्ने बिक्रेताले अनिवार्य रूपमा ईजाजत लिनुपर्ने, पशु वधशालाको नियमित अनुगमन तथा निरीक्षण हुनु पर्ने एवं कार्यान्वयन हुन नसकेको अवस्थामा रहेको वर्तमान पशु वधशाला र मासु जाँच ऐन, २०५५ एवं पशु वधशाला र मासु जाँच नियमावली, २०५७ मा भएको प्रावधानहरूलाई कडाईका साथ कार्यान्वयनमा ल्याइनु पर्ने देखिन्छ । लेखक निजामती कर्मचारीहरूको आधिकारिक ट्रेड यूनियन, सप्तरीका अध्यक्ष हुनुहुन्छ ।",Opinion,Economy,0.94886017,8740,1438
"﻿लोकबहादुर चापागाई नयाँ दिल्ली, १ चैत – अन्तर्राष्ट्रिय मुद्रा कोष (आईएमएफ)को अग्रसरतामा एसियामा लगानीका सम्भावना पत्ता लगाउन सुरु भएको तीनदिने सम्मेलनमा एसियाका प्रमुख समस्याका रूपमा रोजगारी सिर्जना नहुनुलाई लिइएको छ । नेपालबाट पनि रोजगारी सिर्जना हुन नसकेकै कारण दैनिक १ हजार ५०० भन्दा बढी युवा कामको खोजीमा बिदेसिने गरेका छन् । आईएमएफका प्रबन्ध निर्देशक क्रिस्टिन लेगार्डले रोजगारी सिर्जना नहुँदा आयस्तर घट्दै जाने भएकाले जनजीवन कठिन हुने गरेको बताइन् । “रोजगारी सिर्जनामा ध्यान दिई असमानता न्यूनीकरणका लागि पूर्वाधार र मानव संसाधन विकासमा गरिने लगानी वृद्धिले नै समावेशी आर्थिक विकासको ढोका खुल्नेछ,” उनले भनिन्, “त्यसका लागि पुँजी प्रवाहको व्यवस्थापन, वित्तीय समावेशिता, जनसांख्यिक मुद्दा, महिला सशक्तीकरण र जलवायु परिवर्तनको असरलाई आत्मसात् गर्ने गरी नीति निर्माण हुनुपर्छ ।” सबै मुलुक आ–आफ्ना समस्या हल गर्ने गरी नीति निर्माण तयार पारेर आर्थिक विकासमा अग्रसर हुनुपर्ने लेगार्डको भनाइ छ । “ठूला मुलुकका समस्या ठूलै हुन्छन्, साना मुलुकका समस्या सानै हुन्छन्,” उनले भनिन्, “तसर्थ आवश्यकताअनुसार लगानी आकर्षित गर्नेखालका नीति र व्यावसायिक वातावरण बनाउन सके कमविकसित मुलुकले पनि छिट्टै परिवर्तन महसुस गर्न पाउँछन् ।” बढ्दो अनिश्चित विश्व आर्थिक वातावरणमा एसियाको पनि मौद्रिक, वित्तीय र संरचनात्मक परिवर्तन नै चुनौतीका रूपमा रहेकाले विशेष सतर्कतासाथ अघि बढ्न एसियाली मुलुकलाई उनले आह्वान गरिन् । ‘अघि बढ्दै एसिया, भविष्यका लागि लगानी (एड्भान्सिङ एसिया, इन्भेस्टिङ फर द फ्युचर)’ भन्ने नारासाथ शुक्रबारदेखि भारतको नयाँ दिल्लीमा सम्मेलन सुरु भएको थियो । सम्मेलन कुनै मुलुककेन्द्रित भएन तथा समग्र एसिया र त्यसमा पनि दक्षिण एसियाकेन्द्रित भएको थियो । आईएमएफको नेपाल, भारत र भुटान हेर्ने प्रतिनिधि थोमस जे. रिचार्डसनले नेपालको पूर्वाधार विकासका लागि एड्भान्सड एसियामा भएको छलफलबाट सिकेर अघि बढ्न सकिने बताए । “नेपालले उर्जा विशेषगरी जलविद्युत्मा जोड दिनुपर्छ,” कारोबारसँगको कुराकानीमा उनले भने, “जलविद्युत्मा लगानी गर्न विश्वका लगानीकर्ता तयार छन्, नेपाल सरकारले त्यसअनुरुपको वातावरण तयार गर्नुपर्छ ।” विदेशमा काम गर्न जाने कामदारलाई अवैतनिक राजदूतका रूपमा नेपालले उपयोग गर्नसके पर्यटनका लागि पनि अवसर प्राप्त हुने उनको भनाइ छ । शनिबार एसियाली विकास बैंकका अध्यक्ष ताकिहिको नकाओले पनि नेपालमा जलविद्युत्को प्रचुर सम्भावना भएकाले उत्पादन र प्रसारणमा लगानी गर्न आह्वान गरेका थिए । कार्यक्रममा भारतीय वित्तमन्त्री अरुण जेट्लीले दक्षिण एसिया अबको दशकमा रोजगारी सिर्जनाका हिसाबले अग्रपंक्तिमा रहने बताए । वित्त राज्यमन्त्री जयन्त सिन्हाले एसियाले वित्त र मौद्रिक नीति समन्वयकारी ढंगले अघि बढाएर दीर्घकालीन रूपमा गुणस्तरीय विकास गर्न सक्ने दाबी गरे । कार्यक्रमका सहभागीले एसियाका साझा समस्या समाधानमा ठूलो–सानो नभनीकन सबै मिलेर अघि बढ्नुपर्नेमा जोड दिएका थिए । आईएमएफ प्रमुख लेगार्डले दक्षिण एसियाली क्षेत्रीय तालिम र प्राविधिक सहयोग केन्द्रले नेपाल, बंगलादेश, भुटान, भारत, माल्दिभ्स र श्रीलंकाको विकासमा आवश्यक सहयोग गर्ने बताइन् । शनिबारमात्रै दक्षिण एसियाका लागि भारतमा केन्द्र राख्ने विषयमा आईएमएफ र भारतबीच सहमति भएको थियो । “एसियाले गरेको विकास र समृद्धिसँग मात्र यो सम्मेलन जोडिएको छैन, सम्पूर्ण रूपले संसारकै लागि महत्वपूर्ण छ,” उनले भनिन्, “नयाँ विचार र प्रविधिको पूर्ण उपयोग नै एसियाको समृद्धिका आधारशीला हुन् ।” आईएमएफ र विश्व बैंकको वार्षिक बैठक सन् २०१८ मा हुने जानकारी पनि उनले दिइन् । सम्मेलन अवधिभर एसियामा वृद्धिको प्रारुप, आयमा जनसांख्यिक र लैंगिक असमानता, पूर्वाधार विकासका लागि आवश्यक लगानीका लागि औपचारिक वित्तीय आवश्यकता, विकासोन्मुख मुलुकमा जलवायु परिवर्तन र आर्थिक लचकता, पुँजी प्रवाह व्यवस्थापन, समावेशी वृद्धिका लागि एसियाको आगामी दशकको चुनौतीजस्ता विषयमा गम्भीर बहस र छलफल भएको छ । एसियाली विकास बैंकका अध्यक्ष ताकिहिको नकाओ, बिल एन्ड मेलिन्डा गेट्स फाउन्डेसनबाट मेलिन्डा गेट्ससहित नेपाल, बंगलादेश, भुटान, भारत, माल्दिभ्स, श्रीलंका, जापान, चीन, फिलिपिन्स, इन्डोनेसिया, फिजी, मलेसिया, दक्षिण कोरियालगायत ३० भन्दा बढी मुलुकका सरकारी उच्च अधिकारी, केन्द्रीय बैंक र निजी क्षेत्रका प्रतिनिधि सम्मेलनमा सहभागी थिए । बेरोजगारी र असमानता एसियाको दुस्मन",Employment,Bank,0.94763273,3760,551
"﻿ ३२ साउन, काठमाडौं । विगत २१ वर्षदेखि सञ्चालित युनाइटेड फाइनान्स लिमिटेडले आर्थिक वर्ष ०७२/७३ को असार मसान्तसम्म खुद नाफा ५२ दशमलव ५७ प्रतिशतले वृद्धि भएको छ । सोही अवधिमा कूल निक्षेप ४ अर्ब ५४ करोड संकलन गरेको फाइनान्सले विभिन्न क्षेत्रमा ३ अर्ब ९६ करोड रुपैयाँ कर्जा प्रवाह पनि गरेको छ । त्यसैगरी सञ्चालन मुनाफा १५ करोड ७६ लाख र खुद मुनाफा १३ करोड ८८ लाख आर्जन भएको युनाइटेड फाइनान्सले जनाएको छ । खुद मुनाफामा गत वर्षको सोही अवधिको तुलनामा ५२.५७ प्रतिशतले वृद्धि भएको हो । त्यसैगरी फाइनान्सको चुक्ता पूँजी ४६ करोड ३९ लाख ३५ हजार रुपैयाँ छ र सञ्चित कोषमा २६ करोड ३५ लाख ५७ हजार २ सय ८६ रुपैयाँ छ । यस आर्थिक वर्षमा कम्पनीलेे निष्कृय कर्जा ०.४३ प्रतिशत कायम राख्न सफल भएको छ । युनाइटेड फाइनान्स कम्पनिको मुख्य कार्यालय दरवारमार्ग, काठमाडौंमा अवस्थित छ । मुख्य कार्यालयसहित युनाइटेड फाइनान्सले विराटनगर, बुटवल, नेपालगञ्ज, पोखरा, नारायणगढ, दाङ, वीरगञ्ज तथा काठमाडौंका न्यूरोड, कालीमाटी र गठ्ठाघरबाट समेत सेवा प्रदान गरिरहेको छ ।",Bank,Economy,0.9417964,927,160
ÿþ.,Literature,Employment,0.9368131,3,1
ÿþ.,Interview,Employment,0.9368131,3,1
"﻿निजी विद्यालयका अभिभावकसँग अतिरिक्त कर उठाउन सुझाव काठमाडौँ – उच्चस्तरीय शिक्षा आयोगले निजी विद्यालयमा बालबालिका पढाउने अभिभावकसँग अतिरिक्त कर लिनुपर्ने सहित सार्वजनिक शिक्षा सुधारका लागि भावी खाका तयार गरेको छ । शिक्षामा बढ्दो निजीकरण तथा व्यापारीकरण रोक्न र सार्वजनिक विद्यालयको गुणस्तर सुधार्न आयोगले निजी विद्यालयप्रति कडा नीति लिएको हो । आयोगको विज्ञ समूहले तयार गरी सार्वजनिक छलफलमा ल्याइएको सो प्रारम्भिक प्रतिवेदनले निजी विद्यालयलाई आगामी १२ वर्षभित्र क्रमिक रुपमा बन्द गराई सामुदायिक विद्यालयलाई निर्विकल्प बनाउने विकल्प पनि अघि सारेको छ । सरकारी कर्मचारीले अनिवार्य रुपमा सामुदायिक विद्यालयमा आफ्ना छोराछोरी पढाउनुपर्ने सुझाव पनि प्रतिवेदनमा दिइएको छ । नेपाल सरकारले विसं २०६५ मा निजी विद्यालयलाई पाँच प्रतिशत शिक्षा सेवा शुल्क कर लगाउँदा सञ्चालकले विरोध गरेका थिए । गत भदौ १९ गते मन्त्रिपरिषद्को बैठकले नयाँ संविधानानुकूल प्रारम्भिक बाल विकास शिक्षादेखि उच्च शिक्षासम्मको नीति निर्धारण गर्न उपप्रधानमन्त्री एवं शिक्षामन्त्री गोपालमान श्रेष्ठको अध्यक्षतामा ६५ सदस्यीय आयोग गठन गरेको थियो । आयोगको १५ सदस्यीय विज्ञ समूहमा रहेका डा विद्यानाथ कोइरालाले निजी विद्यालयलाई छाडा छोड्दा शिक्षामा वर्गीय खाडल झन् बढ्ने भएकाले त्यस्तो सुझाव दिइएको राससलाई बताए । ‘निजी विद्यालयलाई तत्काल बन्द नगर्ने हो भने प्राविधिक क्षेत्र वा आधारभूत तहमध्ये कुनै क्षेत्रको जिम्मा दिई सरकारले तोकेको शुल्कमा पढाउन लगाउन सकिन्छ’, डा कोइरालाले भने, ‘बन्द भएका सामुदायिक विद्यालयको भवन निजी विद्यालयलाई प्रयोग गर्न दिई त्यसबापत निजी विद्यालयले पूर्ण वा आधा निःशुल्क पढाउने व्यवस्थामा पनि जान सकिन्छ ।’ उनले प्रारम्भिक सुझावका बारेमा निजी तथा संस्थागत विद्यालयका संस्था प्याब्सन, एनप्याब्सनलगायतले पनि दिने सुझावलाई मनन गरिने बताए । ती संस्थाका प्रतिनिधि पनि आयोगमा सदस्य छन् । आयोगको गत भदौ ३० मा बसेको पहिलो बैठकले गठन गरेको विज्ञ समूहमा डा कोइरालासहित प्रा केदारभक्त माथेमा, डा सुरेशराज शर्मा, डा सुशन आचार्यलगायत हुनुहुन्छ । शिक्षाविद् डा मनप्रसाद वाग्लेले भने आयोगबाट राजीनामा दिई नागरिक समाजका तर्फबाट सुझाव दिएको थियो।",Education,Society,0.936077,1907,282
"﻿ आज अगष्ट एक तारिख, संसारभर बिभिन्न कार्यक्रम गरी स्तनपान दिवस मनाइँदै छ । नेपालमा स्तनपान सम्वन्धी जनचेतनामूलक कार्यक्रम गरी यो दिवसलाई साताव्यापीरुपमा मनाइँदै छ । संसारभर एकदेखि सात अगष्टसम्म मनाइने विश्व स्तनपान दिवस को यस बर्षको नारा ‘स्तनपानः दीगो विकासको महत्वपूर्ण उपाय’ रहेको छ । स्तनपान भनेको आमाले शिशुलाई जन्म दिएपछि आफ्नो स्तनबाट निस्कने प्राकृतिक दूध चुसाउने क्रिया हो । गर्भधारणको प्रक्रियासँगै आमाको स्तनमा दूध बहन थालेको हुन्छ । पहिलो बिगौति दूध बच्चाको लागि अमृत समान हुन्छ जसले बच्चामा धेरै रोगहरूसँग लड्नसक्ने प्रतिरोधात्मक क्षमता बढाउँदछ । स्तनपानलाई परिवार नियोजनको एउटा माध्यमको रूपमा पनि लिइन्छ । आमाले जति धेरैपटक शिशुलाई दूध चुसाउँछिन् त्यति नै बढी अस्थायी गर्भनिरोधको अवधि बढेर जान्छ । सबै स्तनधारी प्राणीहरूमा स्तनपान साधारण क्रिया हो । स्तनपानले शिशुको लागि स्वास्थ्य रक्षाको काम समेत गर्दछ । नवजात शिशुमा रोग प्रतिरोधात्मक शक्ति हुँदैन उनीहरुले आमाको दूधबाट यो शक्ति प्राप्त गर्दछन् । आमाको दूधमा रोगाणु नाशक तत्वहरु हुन्छन् । आमाको दूधमा लेक्टोफोर्मिन नामको पोषक तत्व हुन्छ, जसले शिशुहरूको शरीरमामा फलाम तत्व दिन्छ । आमाको दूधबाट आएका साधारण जीवाणुहरुले शिशुको शरीरमा उब्जने बिभिन्न रोगसँग प्रतिरोध गरेर उनीहरूको रक्षा गर्दछन् । बाहिरी वातावरणबाट आमाको शरीरमा पुगेका रोगका जिवाणु, शरीरमा रहेको विशेष भागको सम्पर्कमा आउँछन्, शरिरले ति विशेष रोगाणुको बिरुद्ध प्रतिरोधात्मक तत्वहरु बनाउँदछ । यो तत्व थोरासिक डक्ट भनिने एक विशेष नलीबाट सिधै आमाको स्तनसम्म पुग्छ र दूधबाट बच्चाहरूको पेटमा पुग्दछ । यसरी शिशुहरु आमाको दूध नियमित रुपमा खाएर स्वस्थ रहन्छन् । बाल्यकालमा पर्याप्तरूपले आमाको दूध खान नपाएका शिशुरुमा बाल्यकालमा शुरू हुने प्रकृतिको मधुमेह रोग लाग्ने सम्भावना अधिक रहन्छ । उनीहरुमा अपेक्षाकृत बुद्धि विकास समेत नहुने हुन्छ । यदि बच्चा महिना नपुगि जन्मेको छ भने त उसलाई नेक्रोटाइजिङ एन्टोरोकोलाइटिस जस्तो घातक रोग समेत हुनसक्छ । त्यसैले छदेखि आठ महिनासम्म शिशुहरूका लागि आमाको दूध उत्तम आहारमात्र हैन, यो जीवनरक्षक आहार पनि हो । स्तनपान सम्वन्धी गलत धारणा बिनोद अधिकारी केही मानिसमा स्तनपान गराउँदा सौन्दर्यमा ह्रास आउने, शरीरको तौल घट्ने, स्तनको आकार बिग्रने आदि गलत धारणाहरु रहेको पाइएपनि यो सत्य भने होइन । आधुनिक विज्ञानले यी धारणाहरुलाई गलत पुष्टि गरिसकेको छ । नियमित र निश्चित अवधिसम्म गराइएको स्तनपानले शिशुको उपचार र खाना खर्चमा ५० प्रतिशतले बचत हुने गरेको बिभिन्न अध्ययनहरुले देखाएको छ । शिशुलाई स्तनपान गराउँदा आमालाई आत्मीयता र भावनात्मक सुखानुभूति हुनुका साथै गौरव महसुश हुन्छ । त्यसैगरी उनले मानसिक रूपमा आफू स्वस्थ भएको अनुभूति गर्ने हुनाले उनलाई आत्मसन्तुष्टि समेत प्राप्त हुन्छ । स्तनपानका फाइदाहरु आमाको दूध पोषणका लागिमात्र नभएर यसले आमा र बच्चाहरूको स्वास्थ्यमा अत्यन्त सकारात्मक प्रभाव पार्दछ । शिशुलाई जन्मेको छ महिनासम्म स्तनपानमात्र गराउनु पर्दछ । आमाको दूध सुपाच्य हुन्छ र यसले शिशुको पेट गडबड हुने डर हुँदैन । आमाको दूध शिशुको नाक र घाँटीमा प्रतिरोधी तह बनेर बस्दछ । त्यसले रोग प्रतिरोधक क्षमता बढाउन पनि सहायता गर्दछ । स्तनपानले दम र कानको रोग शरिरमा लाग्नबाट जोगाउँछ । केही शिशुलाई गाईको दूधले एलर्जी हुनसक्ने संभावना रहन्छ तर आमाको दूध खानु शतप्रतिशत सुरक्षित छ । नियमित र निश्चित अवधिसम्म स्तनपान गर्ने शिशुहरूलाई पछि अन्न खुवाउँदा पनि असुहाउँदो र अस्वाभाविक रुपमा मोटो हुँदैनन् । स्तनपान गर्ने शिशुहरुमा शुरूदेखि नै आवश्यकताभन्दा अधिक खाने बानी नपर्ने हुँदा उनीहरुमा अस्वाभाविक रुपमा मोटोपना नदेखिने बिभिन्न अध्ययनहरुले देखाएका छन् । निश्चित अवधिसम्म स्तनपान गर्ने शिशुहरूलाई जीवनका पछिल्लो चरणहरूमा पनि रक्त क्यान्सर, मधुमेह र उच्च रक्तचाप जस्ता रोगहरुको खतरा तुलनात्मक रुपमा निकै कम हुन्छ । स्तनपानले शिशुको बौद्धिक क्षमता समेत बृद्धि हुन्छ । स्तनपान गराउने आमा र शिशुको बीच भावनात्मक सम्बन्ध धेरै बलियो हुन्छ । यसका अलावा आमाको दूधमा धेरै प्रकारका प्राकृतिक रसायनहरु पनि रहेका हुन्छन् जसले शिशुको शारिरीक तथा मानसिक बिकासमा अत्यन्त महत्वपूर्ण भूमिका खेल्ने गर्दछ । स्तनपानलाई प्रोत्साहन विश्वका विभिन्न देशहरूले स्तनपानका लागि प्रोत्साहन गरेका हुन्छन् । विगत १९ वर्षदेखि स्तनपानलाई प्रोत्साहन गर्ने उद्देश्यका साथ विश्व स्वास्थ्य संगठनले हरेक वर्ष अगस्ट महिनाको पहिलो हप्तालाई स्तनपान सप्ताहको रूपमा घोषणा गरेको छ । चीनले भने स्तनपानलाई शिशुको महत्वपूर्ण अधिकारका रुपमा सुरक्षित गरेको छ र बट्टाको दूध शिशुलाई खुवाउन पूर्णरुपमा कानूनी प्रतिवन्ध लगाएको छ, जुन आफैमा प्रशंसनीय र अनुकणीय कदम हो । स्तनपानका लागि सहि स्थिति स्तनपान बच्चाको लागि अनिवार्य आवश्यकता हो । तर स्तनपान गराउँदा बच्चालाई कसरी राख्ने भन्ने कुरामा विशेष ख्याल राख्नुपर्दछ । अन्यथा बच्चालाई आमाको दूध अमृत समान हुँदा हुँदै पनि नकारात्मक असर पर्दछ । जब स्तनपानका लागि सहि स्थितिको प्रश्न उठ्छ यसमा दुईवटा कुराहरु अत्यन्त महत्वपूर्ण हुन्छ । पहिलो कुरा बसाइ आफूलाई शारिरीक रुपमा आरामदायी र सहज हुनुपर्छ । दोश्रो कुरा बसाईको स्थिति सहज बनाउनुसँगै शिशुलाई आफ्नो स्तनसम्म सहजरुपमा पुर्‍याउन सक्ने गरी बस्नुपर्छ । तपाईंका लागि कुन चाहीँ स्थिति उपयुक्त छ भन्ने कुरा शिशुलाई दूध चुसाउन कुन किसिमको बसाई सहज हुन्छ भन्ने कुरामा निर्भर हुन्छ । तपाइले जुनसुकै स्थिति रोजेपनि दूध चुस्ने बेलामा शिशुले आफ्नो टाउको थोरै पछाडि तिर तान्न सक्ने कुरा सुनिश्चित गर्नुपर्ने हुन्छ । तरीका आफ्नो र शिशुको शरीरलाई समानान्तर राखेर- सुतेर र पल्टिएर बस्न सक्नुहुनेछ । तपाईंको शिशुले जुन स्तनबाट दूध चुसिरहेको छ त्यसको अर्को तर्फको हातले शिशुलाई काखमा लिएर समातेर राख्ने र सहज हुनेगरी बस्ने । शिशुले दूध पिइरहेको स्तनपट्टकिै हातले समातेर अर्को हातले टाउको अड्याएर छड्के पारेर बोकेर सजिलोसँग बस्ने । पलेटी कसेर बसेर शिशुलाई दूध चुसिरहेको स्तनतिरको हातले अड्याएर उसको गोडा तल तिर पर्नेगरी सुताउने । यदि जुम्ल्याहा बच्चाहरु छन् र एकसाथ दूध चुसाउनु छ भने पलेटी कसेर बसी एउटा नरम तकीयाको सहायतामा दुबै स्तनमा एक-एक वटा शिशुलाई एकसाथ स्तनपान गराउन सकिन्छ ।",Opinion,Technology,0.93479985,5355,841
"﻿ ३० मंसिर, काठमाडौं । जोरपाटी वौद्धस्थित हायात होटलमा भएको नेपाल सरकारको अर्वाैंको लगानी भारतीय व्यवसायीहरुको कब्जामा जाँदै गर्दा सरकारी छानबिन टोली यसमा अध्ययन गर्नसमेत असफल भएको छ । हायत होटलले नेपाल सरकारको १५० रोपनी जग्गा उपयोग गरेको लगभग २४ वर्ष पुगेको छ । ठूलाबडाले आफ्नो प्रभावको प्रयोग गरेर कसरी सरकारी सम्पत्तिको दुरुपयोग गर्छन् भन्ने एउटा दृष्टान्त बन्न पुगेको छ हायात होटलमा गरिएको नेपाल सरकारको लगानी । हायात होटलको बदमासीका बारेमा अध्ययन गर्न गठित छानविन समितिले सोमबार एक रिपोर्ट बुझाउँदै आफूले अध्ययन नै गर्न नसकेको बताएको छ । छानविन समितिका संयोजक तथा तारागाउँ बिकास समितिका अध्यक्ष नारदकुमार लुइँटेलले भने ‘हामीले मागेका कागजातहरु हायातले दिएन, छानविनमा पुरै असहयोग गर्‍यो ।’ यस्तो छ हायातको लफडा विसं. ०४९ सालमा १ सय ५० रोपनी जग्गा लगानी गरेवापत हायात होटलमा नेपाल सरकारको ३९ प्रतिशत सेयर स्वामित्व काय गरिएको थियो । त्यो सेयर अहिले घटेर ९ प्रतिशतमा सीमित भएको छ । हायात होटलको बोर्ड सदस्यमा समेत नेपाल सरकार तर्फबाट तीनजना भएकोमा अहिले घटेर १ जनामा मात्रै सीमित छ । छानविन समितिले हायातसँग खर्चको आधिकारिक विवरण मागेको थियो । तर, छानविन समितिले कुनै आधिकारिक प्रमाणसहितका कागजात नपाएको भन्दै रिपोर्ट पेश गरेको छ । ‘अध्ययनका लागि आवश्यक कागजातहरु सम्बन्धित सरकारी निकाय र तारागाउँ रिजेन्सी होटल्स कम्पनी लिमिटेडबाट उपलब्ध हुन नसकेकाले छानविन टोली तार्किक निष्कर्षमा पुग्न सकेन ।’ सोमबार समितिले संस्कृति पर्यटन तथा नागरिक उड्डयन मन्त्रालयमा बुझाएको रिपोर्टमा उल्लेख गरिएको छ । यसकारण थालियो छानविन गत चैतमा तारागाउँ बिकास समितिले हायात होटलमा सरकारको ३९ प्रतिशतको सेयर खुम्चिएर ९ प्रतिशत तथा बोर्ड सदस्यमा ३ बाट घटेर एक हुनुको कारण मागेको थियो । तर, हायातले चित्तबुझ्दो जवाफ दिन नसकेपछि चैतमै तारागाउँ विकास समितिले एक प्रारम्भिक अध्ययन गरेको थियो । मन्त्रालयमा पेश गरिएको उक्त रिपोर्ट पश्चात सचिवस्तरीय एक बैठकले अध्ययन समिति गठन गर्ने निर्णय गरेको थियो । समितिले होटलमा गरेको लगानीको कुनै प्रतिफल नआउने बरु स्वामित्व गुम्दै जाने देखेपछि प्रारम्भिक अध्ययन गरेको हो । प्रारम्भिक अध्ययन पश्चात पेश गरिएको रिपोर्टमा व्यवस्थापनको अपारदर्शी हिसाब-किताबले होटल घाटामा गएको निष्कर्ष निकालेको थियो । यही आधारमा यसमा थप छानविन आवश्यक ठानेर छानविन मन्त्रालयले एक समिति गठन गरी अध्ययन अघि बढाएको थियो । अध्ययनमा तारागाउँ विकास समितिका अध्यक्ष लुइँटेलको संयोजक तथा मन्त्रालयका उपसचिव टीकाराम पाण्डे र चार्टड एकाउन्टेन्ट पियुष आनन्द सदस्य रहेका थिए । ३९ प्रतिशतको सेयर दुब्लाएर ९ प्रतिशत वि.सं ०४९ सालमा नेपाल सरकार अन्र्तगतको तारागाउँ विकास समितिले १ सय ५० रोपनीको जग्गालाई प्रतिरोपनी १० लाखका हिसाबले यस होटलमा १५ करोड लगानी गरेको थियो । साथै उक्त स्थानमा रहेको भौतिक संरचनाको २ करोड मूल्यांकन गरी कुल १७ करोड रुपैयाँ तारागाउँ विकास समितिको लगानी मानिएको थियो । जसवापत नै तारागाउँ विकास समितिले ३९ प्रतिशत हिस्सा पाएको हो । सरकारी जग्गाको मूल्य प्रतिआना ५० लाख रुपैयाँले हिसाब गर्दा अहिले यसको बजार भाउ १२ अर्ब रुपैयाँभन्दा बढी हुन आउँछ । तर, सरकारले यसमा लगानी गरेको मूल्यांकन भने अहिले पनि १७ करोड नै रहेको छ । स्थापना काल ०४९ सालको असोज २२ गते तारागाउँ बिकास समिति, आइसीटीसी ग्रुप र राधेश्याम सर्राफवीच हायात होटलमा सरकारको ३९.७७ सेयर स्वामित्व र निजीको ६०.२३ प्रतिशत रहने सम्झौता भएको थियो । तारागाउँ विकास समितिकी तत्कालीन अध्यक्ष अगुंरबाबा जोशी, राधेश्याम सर्राफ र दिनेशलाल श्रेष्ठले सम्झौतामा हस्ताक्षर गरेका थिए । पछिल्ला दिनमा हायात होटलको व्यवस्थापनको जिम्मा सम्हालेका भारतीय व्यवसायी राधेश्याम सर्राफ र नेपाली व्यवसायी दिनेशलाल श्रेष्ठले जालझेल गर्दै गलत रिपोर्ट पशे गरेर होटल घाटामा गइरहेको देखाई सरकारलाई डुकाउँदै आएको गाविस पदाधिकारीको आरोप छ । यसरी होेटल घाटामा गएको देखाउँदै उनीहरुले लागत भने बढाउँदै गएका छन् । यसबारलाई डुबाउँदै उनीहरुले यसबाट आफ्नो सेयर हिस्सामा बृद्धि गरेका छन् । सरकारको स्वामित्व गुम्नै लाग्यो स्थापना कालदेखि अहिलेसम्म होटललाई नाफा देखाइएको छैन । सरकारले यसबाट कुनै प्रतिफल पाएको छैन । बरु ३९ प्रतिशतको हिस्सा खुम्चिएर ९ प्रतिशतमा झरेको छ । उसले गाउँ विकास समितिबाट थप १ सय ५४ रोपनी जग्गा पनि भाडामा लिएको छ । समितिको उक्त जग्गा भाडामा लिएबापत भने होटलले वाषिर्क ३० लाखरुपैयाँ भाडा बुझाउँदै आएको छ । स्थापनाकालमा यस होटलको लागत १ सय ५० करोड रुपैयाँ लाग्ने अनुमान गरिएको थियो । सरकार, सर्राफ र श्रेष्ठबीच ०४९ सालमा भएको सम्झौतामा पनि यसको लगानी १ सय ५० करोड रहने उल्लेख छ । तर, एसियाली बिकास बैंकसँग ०५१ जेठ ५ गते भएको सम्झौतामा होटलको कुल लागत २ अर्ब १८ करोड भनेर उल्लेख गरिएको छ । अहिले भने यसको कुल लागत ३ अर्ब ४ करोड पुगेको छ । यसरी लागत बढ्दै जाँदा सरकारले कुनै रकम थप गरेको छैन, जसका कारण व्यवस्थापनले सरकारको सेयर हिस्सा घटाइदिँदै लगेको छ । भारतीय व्यवसायी सर्राफको लगानी के हो ? होटलमा नेपाल सरकारको १ सय ५० रोपनी जग्गा लगानी भएको स्पष्ट देखिए पनि सर्राफ समूह र आइसीटीसीले गरेको लगानी कहाँ भुक्तान भयो भन्ने प्रमाण फेला परेको छैन । आइसीटीसी र सर्राफ समूहले वास्तुकला डिजाइन आन्तरिक डिजाइन, भूदृश्य डिजाइन, विद्युतीय डिजाइन, विद्युतीय उपकरण डिजाइन, भान्छा र धावनगृह डिजाइन, अग्नि नियन्त्रण डिजाइन, प्रोजेक्ट म्यानेजमेन्ट शुल्क, हायात टेक्निकल शुल्क र अन्य गरी २ करोड ७६ लाख ५३ हजार ५ सय ४३ रुपैयाँ भुक्तान गरेको व्यवस्थापनको दाबी छ । यही नै आइसीटीसी र सर्राफ समूहको लगानी हो । हायात होटल निरन्तर घाटामा गएको भन्दै व्यवस्थापनले ०६३ सालमा थप लगानी गर्न सरकारलाई आग्रह गरेको थियो । तर, सरकारले थप लगानी गरेन । त्यसपछि रकम जुटाउनका लागि होटल बोर्डले हकप्रद सेयर जारी गर्ने निर्णय गरेको थियो । ०६३ मा जारी हकप्रद सेयरमा सरकारले लगानी गरेन । घाटामा गइरहेको देखिने होटलमा आइसीटीसी र सर्राफ समूहले भने लगानी थपेका थिए । यहीँनेरबाट नै सरकारको सेयर हिस्सा खुम्चन सुरु गरेको हो । राधेश्याम सर्राफले ८ करोड ६७ लाख, अरुणकुमार सर्राफले ३० लाख र सर्राफ समूहकै लगानी रहेको याक एन्ड यती होटलले यसमा एक करोड ८० लाख हकप्रद सेयरमार्फत लगानी थपेका थिए । आइसीटीसी समूह अन्तरगतको आइसीटीसी कम्पनीको ५ करोड ५८ लाख, दिनेशलाल श्रेष्ठको ३० लाख, सुरेशलाल श्रेष्ठको ३० लाख र आइसीटीसी होल्डिङ कम्पनीको एक करोड २० लाख रुपैयाँ हकप्रदमार्फत लगानी गरेका थिए । कसरी भयो हायातको भवन निर्माण ? होटल निर्माणका लागि तारागाउँ विकास समितिको १ सय ५० रोपनी जग्गालाई नै विभिन्न बैंक तथा वित्तीय संस्थामा धितो राखी ऋण निकालिएको थियो । होटलमा विदेशी दुई बैंक, एशियाली विकास बैंक र कोरियाली विकास बैंक बाहेक स्वदेशी बैंकहरुले पनि लगानी गरेका थिए । ०५१ सालमै स्ट्यान्डर्ड चार्टर्ड बैंकको नेतृत्वमा ८ बैंकले ५५ करोड रुपैयाँ लगानी गरेका थिए । पछि ०६० सालमा फेरि ६ वटा बैंकले थप २७ करोड लगानी गरेका थिए । जनताको लगानीमा शून्य प्रतिफल स्थापना कालमा जारी गरेको प्राथमिक सेयरबाट होटल व्यवस्थापनले १२ करोड रुपैयाँ जुटाएको थियो । सर्वसाधारणको ७ करोड २० लाख रुपैयाँ हकप्रद सेयरबापत थप लगानी भएको थियो । तर, यसबापत सर्वसाधारणले हालसम्म कुनै प्रतिफल पाएका छैनन् । होटल प्रत्येक वर्ष घाटामा गएको देखाइएकाले हालसम्म सर्वसाधारणलाई न बोनस सेयर दिएको छ, न त नगद लाभांश नै । घाटामा गएको होटलमा सर्राफको मोह एडीबीले बेचेको सेयर हायातकै अर्को प्रवर्द्धक कम्पनी डोमिनियन इनभेस्टमेन्टले २१ करोड ६० लाख रुपैयाँमा किनेको छ । एडीबीले प्रतिकित्ता सय रुपैयाँको यो सेयर ६९ रुपैयाँ ६७ पैसामा बेचेको हो । हङकङमा दर्ता भएको डोमिनियन इनभेस्टमेन्ट कम्पनी तारागाउँकै मुख्य प्रवर्द्धक अरुण सर्राफको भएको सरकारी स्रोत बताउँछ । पछिल्लो समय कोरियन डेभलपेमन्ट बैंक सिंगापुरले ४ लाख ९ सय कित्ता अग्राधिकार सेयर र साधारण तर्फको ४२ हजार ७ सय ८० कित्ता सेयर आइसीटीसी होल्डिङ कम्पनीलाई बेचेको छ । आइसीटीसी होल्डिङ कम्पनी भने श्रेष्ठ समूहको रहेको स्रोतको भनाइ छ । पाउनुको सट्टा गुमायो सरकारले विश्वभर ८ वटा कम्पनी मार्फत १४ वटा होटल सञ्चालन गरिरहेको सर्राफ होटल इन्टरप्राइजेजले होटल व्यवसाय नेपालबाटै सुरुवात गरेको हो । राधेश्यामका छोरा अरुणले ८ वटा कम्पनी अन्र्तगत भारतमा १० वटा होटल सञ्चालन गरिरहेका छन् । नेपालमा उनका २ वटा होटल सञ्चालनमा छन् । होटल क्षेत्रमा फड्को मार्नका लागि नेपालमा प्रवेश गराइएको सर्राफ समूहबाट नेपालले कुनै लाभ पाएको छैन । बरु, सरकारले एक सय ५० रोपनी जग्गा गुमाउन लागेको छ । शंकाको घेरामा अंगुरबाबा जोशी एक सय ५० रोपनी जग्गा लगानी गर्ने निर्णय गरेकी अंगुरबाबा जोशी तारागाउँ बिकास समितिको अध्यक्ष पदमा झन्डै २६ वर्ष रहेकी थिइन् । तर, होटल निर्माण गर्दा होटलले पेश गरेको खर्च सम्वद्ध कागजात भने तारागाउँ बिकास समितिमा रेकर्ड छैन । सरकारको यति ठूलो सम्पत्ति लगानी भएको होटल निर्माण गर्दा सरकारसँग कुनै कागजात नहुनु र होटलले कुनै प्रमाण उपलब्ध नगराई निर्माणका काममा सधैंभर साथ दिनुले कहीँ कतै तत्कालीन अध्यक्षको नै यसमा हात त छैन भन्ने प्रश्न उब्जाएको स्रोत बताउँछ ।",Economy,Tourism,0.9343457,7849,1310
"﻿टिम चौराहाको ह्याट्रिक कुनै पनि स्थितिमा लगातार उपाधि जित्नु सजिलो हुँदैन । खेलकुदमा कसैले लगातार तीन पटक उपाधि जितेर ह्याट्रिक गर्छ भने त्यो अद्वितीय मानिन्छ । धनगढीमा यस्तै उपलब्धि हात पार्ने काम गर्‍यो, टिम चौराहा धनगढीले । उसले धनगढी प्रिमियर लिग (डीपीएल) को अहिलेको दुई संस्करण र यसअघिको धनगढी प्रिमियर लिगको उपाधि लगातार जितेको हो । यसपटक पनि डीपीएल–टुमाथि उसको कब्जा शानदार रह्यो । फाइनलमा चौराहाले काठमाडौं गोल्डेन्सलाई २१ रनले हराएको थियो ।",Sports,Blog,0.92700547,450,73
"﻿हलिउडकी सबैभन्दा शक्तिशाली महिला मध्येकी एक तथा अमेरिकाको चर्चित सोनी पिक्चर कम्पनको सोनी मूभी स्टुडियोकी सह अध्यक्ष एमी पास्कलले पदबाट राजिनामा दिएकी छिन् । गएको वर्षको अन्त्यतिर सोनीमाथि भएको साइबर हमलाका क्रममा उनका व्यक्तिगत इमेलहरु सार्वजनिक भएको घटनालाई लिएर पास्कलले राजिनामा दिएको बीबीसीले जनाएको छ । सोनीबाट अलग्गिएसँगै पास्कलले अब आफ्नै प्रोडक्सन कम्पनी खोल्नेछिन् जुन आगामी मे महिनाबाट संचालन हुने बताइएको छ । सोनीमा भएको साइबर हमलाबाट उनका कतिपय गोप्य, व्यक्तिगत तथा आपत्तिजनक इमेलहरु सार्वजनिक भएसँगै केही गोप्य तथ्यहरुको खुलासा भएपछि उनले सोही बेलानै माफी मागेकी थिइन् । उत्तर कोरियाली शासकमा आधारित द इन्टरभ्यू फिल्मको विवादका बीच सोनी कम्पनीमाथि साइबर हमला भएको थियो । आफुले आफ्नो व्यवसायिक जिवनको लगभग सबै समय सोनी पिक्चर कम्पनीमा बिताएको र सोही कारण आफु नयाँ अध्याय सुरु गर्न सक्षम भएको भन्दै उनले सोनीलाई आफ्नो घरको संज्ञा दिएकी छिन् । सोनीको सहअध्यक्षबाट राजिनामा दिएर अर्को प्रोडक्सन संस्था खोलेपनि पास्कल सोनीबाट अलग भने हुनेछैनिन् । सम्झौता अनुसार उनको प्रोडक्सन कम्पनीमा कम्तिमा आगामी ४ वर्षसम्म सोनीले नै लगानी गर्नेछ र वितरण अधिकार पनि सोनीकै रहनेछ ।",Technology,World,0.9210067,1077,168
"﻿ ५ चैत, काठमाडौं । काठमाडौंस्थित अमेरिकी दूताबासबाट सन् २०१५ मा २४ हजार ७१० जनाले भिसा पाएका छन् । अमेरिकी विदेश मन्त्रालयले सार्वजनिक गरेको तथ्यांक अनुसार १९ हजार ४९ जना गैरआप्रवासी र ५ हजार ६६१ ले आप्रवासी भिसा पाएका छन् । गैरआप्रवासी भिसा पाउनेमा ३६६ जना प्राध्यापक एवं चिकित्सक छन् भने ४ हजार ६४५ जना अध्ययनका लागि छन् । यस्तै १४ हजार ९४४ ले खेलाडी, घुम्न वा विजनेश प्रयोजनका लागि बी भिसा पाएका छन् भने ११ जना पत्रकारले पनि अमेरिकी भिसा पाएका छन् । अमेरिकी गैरआप्रवासी भिसा पाउनेको सख्या अघिल्लो वर्षर्का वर्षको तुलानामा झण्डै सात हजारले बढी हो । २०१४ मा १५ हनार १८० ले गैरआप्रवासी भिसा पाएका थिए । यस्तै आप्रवासीतर्फ भिसा पाउनेको संख्या केही बढेको छ । २०१४ मा ४ हजार ९९६ ले भिसा पाएका थिए ।",Employment,World,0.9179158,696,129
﻿ उत्तरी जापानमा आएको ‘लायनरक’ नामक तूफानको कारण १७ व्यक्ति बेपक्ता भएका छन्। लायनरकबाट बुधबार नै ११ व्यक्तिको मृत्यु हुनुको साथै अन्य तीनजना बेपत्ता भएका बताइएको थियो। बिहीबार बेपत्ता हुने व्यक्तिको सङ्ख्या १७ पुगेको अधिकारीहरुले बताएका छन्। एवाइजुमी सहरमा तूफानको कारण उठेको नदीको स्तर र हिलो माटोमा परी १० व्यक्तिको मृृत्यु भएको छ। मारिएका ती दश व्यक्तिमा नौ जना बृद्ध आश्रममा बस्ने व्यक्तिहरु रहेका छन्। इवेटे प्रान्तको कुजी सहरमा एक महिलाको शव फेला परेको छ।...,Blog,Entertainment,0.9173431,465,75
"﻿सिम्रिकले एयरबस हेलिकोप्टर्स फ्रान्ससँग ३ वटा नयाँ हेलिकप्टर खरिद गर्ने सम्झौता गरेको छ। सिम्रिकले खरिद गर्न लागेका हेलिकोप्टरमा २ वटा अत्याधुनिक प्रविधियुक्त एच १३० इसी - १३० र एउटा एच -१२५ एएस ३५० बीथ्रीइ मोडल रहेका छन्। एच १३० इसी - १३० हेलिकोप्टर नेपालमा पहिलोपटक ल्याउन लागिएको हो। विशेष सुविधा र प्रविधियुक्त यी हेलिकप्टरको आगमनले नेपाली हेलिकप्टर सेवामा नयाँ आयाम थप्ने विश्वास सिम्रिकले गरेको छ। खरिद सम्बन्धी सम्झौता हालै सिंगापुरमा भएको हो । एयरबस हेलिकोप्टर्स कम्पनी सिंगापुर कार्यलयमा भएको खरिद सम्झौतामा सिम्रिक एयरका तर्फबाट अध्यक्ष क्याप्टेन रामेश्वर थापाले हस्ताक्षर गरेका थिए। सिम्रिक एयरले पहिलोपटक ल्याउन लागेको एच-१३० हेलिकोप्टर पाइलट सहित ८ सिट क्षमता र वातानुकुलित(वातावरण मैत्री) क्याबिन रहेको छ। सामान्य भन्दा बेग्लै टेल रोटर जडित यो हेलिकप्टर पर्यटकीय सेवाको लागी विशेष उपयुक्त हुने गरि निर्माण भएको सिम्रिक एयरका कम्पनी सचिव डिलबहादुर ओलीले बताए। सम्झौता अनुसार एच (१२५ एएस ३५० बीथ्रीइ एक महिना भित्र र एच- १३० क्रमश ६ महिना र ९ महिना भित्र सिम्रिक एयर प्रा.ली.लाई हस्तान्तरण गरिने छ । यी हेलिकप्टरले उच्च हिमाली दृश्यावलोकन ,राहत तथा उद्धार एवं विकाश निर्माण कार्यमा बढी उपयोगी हुने विश्वास सिम्रिक एयरले लिएको छ । सिम्रिक एयर विगतमा पनि नयाँ अत्याधुनिक हेलिकप्टरहरु भित्र्याउने पहिलो नेपाली विमान सेवा कम्पनी हो । उक्त हेलिकप्टरहरु पर्यटन लगाएत राहत तथा उद्धार विकाश निर्माण कार्यमा प्रभावकारी देखिएको कम्पनी सचिव ओलीले बताए । नयाँ खाले हेलिकप्टरहरु नेपाली आकाशमा भित्र्याउदै जाने कम्पनीको अवधारण अनुरुप यसपटक नयाँ अत्याधुनिक प्रविधियुक्त हेलिकोप्टर भित्राउन लागिएको हो । एच -१२५ एएस ३५० बीथ्रीइ विमानवाट पाएको विश्वस्नीय सफलताले यस प्रा.लि.लाई पुनं.नेपालमा नै पहिलो हुने नयाँ अत्याधुनिक हेलिकोप्टर भित्र्याउने प्रेरणा प्राप्त भएको हो । भरपर्दो,सुरक्षीत तथा सिट क्षमता वढि भएको उच्च हिमाली क्षेत्रमा सहजै उडान तथा अवतरण गर्ने र लिवढि भार बहण गर्ने नै यसको विशेषता भएकोले नेपाली पर्यटन बजारमा यो हेलिकप्टरको आवश्यकता महसुस गरिएको छ । २०५८ सालदेखि एमआइ १७ रसिएन हेलिकप्टरबाट उडान सुरु गरेको यस विमान सेवा कम्पनिले १५ वर्ष देखिनै अनवरत रुपमा स्वदेशी तथा विदेशि पर्यटक ट्राभल एजेन्सी विभिन्न सरकारी तथा गैरसरकारी एवं व्यक्तिगत तथा व्यक्तिगत फर्महरु वाट पाएको हौसला,माया सदभावनालाई प्रेरणाको स्रोत मानी अब यी अत्याधुनिक हेलिकप्टरहरु मार्फत थप विश्वसनीय एवं भरपर्दो सेवा प्रदान गर्ने ओलीले बताए । सिम्रिक एयर प्रा.लि ले युरोकप्टर्स फ्रान्सद्धारा निर्मित थप एक वटा एक महिना भित्रै ल्याई सेवा संचालन गर्ने तयारी कम्पनीले गरेको छ । यसै वर्ष भित्र पाँचवटा हेलिकोप्टर संचालनमा आइसक्ने कम्पनीले जनाएको छ । यी हेलिकप्टरमार्फत सिम्रिक एयरले पर्यटन क्षेत्रमा स्वदेशी तथा विदेशी यात्रुलाई हेलिकप्टर यात्रा, धार्मिक स्थल दर्शन, पर्यटकिय स्थलहरुको अवलोकन भ्रमण,उच्च हिमाली पर्वतिय दृश्यावलोकन, विकाश निर्माण समाग्र ,हेलीस्की, पुष्पवृष्टि, फोटोग्राफि, फिल्मीङ्ग, तथा उच्च हिमाली भेगमा राहत तथा उद्धार एवं प्राकृतिक दैविप्रकोप जस्ता क्षेत्रमा विशेष तालीम प्राप्त दक्ष पाइलट, इन्जिनियर तथा प्राविधिकहरुवाट सुरक्षित भरपर्दो र विश्वसनीय उडानहरु संचालन गर्ने कम्पनी सचिव ओलीले बताए ।",Technology,Tourism,0.91080064,2888,438
"﻿काठमाडौं- गैरआवासीय नेपाली संघ (एनआरएन) को आठौं सम्मेलनमा भाग लिन जापानबाट काठमाडौं आएका अनुज थापा ७ करोड रुपैयाँ ठगी अभियोगमा पक्राउ परेका छन् । एनआरएनको आइसीसी सदस्य र जापान शाखाको पूर्वमहासचिव रहेका थापा जापानी नागरिकलाई ठगेको अभियोगमा बिहीबार पक्राउ परेका हुन् । पक्राउ थापा नेपाल पर्यटन बोर्डका जापानस्थित पर्यटन प्रतिनिधि पनि हुन् । जापानको एक विद्यालयको शाखा नेपालमा खोल्ने प्रलोभन दिएर ७ करोड रुपैयाँ ठगी गरेको जापानी प्रोफेसरको उजुरी आधारमा महानगरीय प्रहरी परिसर काठमाडौंले थापालाई पक्राउ गरेको हो । परिसरका एसएसपी रवीन्द्र धानुकका अनुसार उनलाई ठगी अभियोगमा काठमाडौं जिल्ला अदालतबाट न्यायिक हिरासतमा राख्ने अनुमति लिई अनुसन्धान भइरहेको छ । उजुरी अनुसार थापाले जापानमा रहेको एक विद्यालयको शाखा नेपालमा खोल्छु भनेर एक प्रोफेसरसँग ७ करोड नेपाली रुपैयाँ लिएका थिए । सो रकम नेपालमा विद्यालयको शाखा नखोली उनले निजी घर र गाडी किन्न प्रयोग गरेका थिए । त्यही घर धितो राखेर थापाले बैंकबाट ऋण निकालेका थिए । २०७२ को भूकम्पले उनको घर चर्किएपछि फेरि मर्मतका लागि भन्दै बैंकबाट अर्को किस्ता ऋण झिकेका थिए । नेपालमा विद्यालयको शाखा खोल्न पैसा दिएको वर्षौं बितिसक्दा पनि कुनै प्रगति भएको नेदेखेपछि उनलाई पैसा उपलब्ध गराउने जापानी प्राध्यापकले पैसा फिर्ता मागेका थिए । त्यसपछि उनी केही समय नेपाल बसेर जापान गएका थिए । एनआरएन सम्मेलनका लागि थापा नेपाल आएको जानकारी पाएपछि जापानी प्रोफेसर काठमाडौं आएर प्रहरीमा ठगी उजुरी दर्ता गराएका थिए । ‘ठगी अभियोगमा बिहीबार पक्राउ परेका थापालाई अदालतबाट म्याद लिएर थुनामा राखिएको छ । ठगीबारे प्रहरीले अनुसन्धान गरिरहेको छ’, एसएसपी धानुकले भने । अनुसन्धानमा संलग्न एक प्रहरी अधिकृतका अनुसार थापाले अनुसन्धानमा असहयोग गरिरहेका छन् । आफू नेपाली सेनाका कर्नेलको छोरा भएको र माथिसम्मै पहुँच भएको बताउँदै उनले प्रहरीलाई धम्क्याउने गरेका ती अधिकृतले बताए ।",Society,Migration,0.91072375,1678,268
"﻿ सिन्धुलीगढीको नाम गीतमा मात्रै सुनेको थिएँ । आन्तरिक पर्यटन प्रबर्धनको लागि नेपाल पर्यटन बोर्डले घुमफिर बर्ष २०७३ मनाऔं भनेर आह्वान गरेकाले मलाई पनि घुम्ने रहर जाग्यो र हिडियो सिन्धुली । केहि दिन अघि भाइ दिपकले पनि सिन्धुलीको बयान गरेको थियो । शितल ठाउँ, बाटोको बयान गरेरै साध्यै छैन । यस्तो राम्रो छ, आफैं जानुस् अनि थाहा हुन्छ भन्दै थियो उसले । त्यही बेला पर्यटन बोडले चलाएको अभियान घुमफिर बर्ष २०७३ ले मलार्इ लोभ्यायो । मलार्इ साथ दिन तयार भए विद्यार्थी राजु, उनी सिन्धुलीकै हुन् । किशोर पनि जान तयार भयो । र, वैशाखको चर्को घाममा मोटरसाइकलमै हिँडियो सिन्धुली । महाराजगञ्ज, चावहिल, कोटेश्वर, भक्तपुर, बनेपा, भकुण्डेबेशी, रोसीखोलाको किनारै किनारको बाटो आहा …..। नेपालथोकबाट मुल्कोट हुँदै खुर्कोटको लमतन्न परेको बाटो, नागबेली उकाली ओरालीसँगै डरलाग्दो भिरालो, ओहो…! भन्नै पर्ने भीरकोबाटो, आहा..! कोशी नदी आफैं बेगमा बगेको छ, गाउँ बस्ती आफैं सुरूमा छ । चर्को घामका बीच पनि यात्रा कम रमाइलो रहेन। मोटरसाइकलको यात्रा, यति लामो बाटो कहिले पुग्ला भन्ने अनुमान पनि लगाउन गाह्रो थियो । कति स्पीडमा हुइक्याउने हो थाहा छैन । विपारित दिशाबाट कति गतिमा गाडी आउने हो त्यो पनि थाहा छैन । हामी सम्हालिँदै आफ्नो गतिमा यात्रारत रहयौं प्रकृतिको मनोरम दृश्यावलोकन गर्दै । रोशी खोलाको पुल तरेपछि पछि मेरो पालो आयो मोटरसाइकल गुडाउने । मजाले आफ्नो गति लिएर यात्रा गर्दा पनि अर्को दिशाबाट तीव्र गतिमा आएको जीपले झन्डै हिर्काउला जस्तो गरी बाटो काट्दा त हाम्रो साटो पुत्लो नै उड्यो । किशोर पछाडि बसेर ए ! दाइ ! दाइ ! भन्थ्यो । कहिले हे भगवान ! हामीलाई बचाऊ भनेर किशोरले भन्यो । म ठट्टा गर्थेँ, भगवान हैन, हे ड्राइभर ! रामरी चलाउ भन्नुपर्छ । यस्तो राम्रो सडकको मर्यादा राख्नु पर्छ । सडकलाई दोष दिएर काम छैन । चालकले सम्हालिनुपर्छ । यात्रुलाई दोष दिने, बटुवालाई दोष दिनु भन्दा सिमित गतिमा बाहान चलाए दुर्घटना पनि हुन्न । अरुले जे गरे पनि हामीले आफ्नो गतिलाई नियन्त्रण गर्दै अगाडी बढ्यौ । आलो पालो गरी चलाउँदा रमाईलो नै भयो । खुर्कोट पुग्दा दिउँसो २:३० बजेछ । त्यहाँ खाजा खाएपछि फेरि रमाइलो नागेबेली उकालो आयो । आहा ! ठाउँ ठाउँमा रोक्किदै फोटो खिच्दै यात्रा गर्दा निकै रमाइलो भयो । लोभलाग्दा दृश्यहरू क्यामेरामा कैद गर्दै गर्दै आफ्नो गन्तब्य पुग्यौं । जुनारको नमुना गाउँमा पुगेपछि त्यहाँबाट देखिने दृश्यहरु भने राम्ररी हेर्न पाएनौं । जताततै वनमा डडेलो लगाएको चर्को गर्मीसँगै तुवालो लागेको थियो, जसल कारण मनोरम दृश्यहरू हेर्न नपाउँदा मन खिस्स भयो । सिन्धुलिगढ़ीको प्रवेशद्वार कटेर हामी अझै अगाडी बढ्यौं । पृथ्वीनारायण शाहको पालामा अंग्रेजसँगको युद्दमा वेलायती सेनालाई भगाएको ठाउमा पुग्यौं, । त्यहाँको भद्रकाली मन्दिर स्वयं पृथ्वीनारायण शाहको हातबाट बनेको भन्ने किम्बंदन्ती छ । थुम्कोमा रहेको मगर गाउँ निकै रमाइलो छ । भूकम्पले घर बस्ती बिगारे पनि गाउँलेहरुले आफ्नो ठाउँ छाडेका छैनन् । पुरानो घरमा बस्न नमिलेपछि जस्ता पाटाले बनेका टहरामा बसेकै छन् । गाउँलेहरुलाई होमस्टेको तालिम दिन सके राम्रो पर्यटकीय स्थल हुन् सक्ने ठाउँ रहेछ । संधैको राजनीति भन्दा टाढा रहेर केहि गरौँ भन्ने भावनाका युवाहरु देखिए । हामीसँगै राजु पनि त्यहीका हुन् । तर, कसले सहयोग गरिदिन्छ तालिमको लागि ? शीप मुलक तालिम लिन युवा र महिलाहरु आतुर देखिए । र, घुमफिर २०७३ को लागि उपयुक्त गन्तब्य हुन सक्छ यो गाउँ । काठमाडौँबाट १४० किलोमिटर टाढा भए पनि यहाँको जुनार बगैंचा, स्वच्छ वातावरण, रमणीय दृश्य, स्थानीय खाना, लोभ्याउने सडक, सिन्धुलिगढ़ी र सिन्धुलीमाढी बजार आहा ! कति राम्रो नेपाल, हाम्रो नेपाल ! म त गएँ । तपार्इँ कहिले जाने ?",Tourism,Opinion,0.9073735,3167,541
"﻿काठमाडौं । लेखक इन्द्रप्रसाद श्रेष्ठको जीवनी र उनका लेख, रचना तथा अन्तर्वार्ता समावेश गरिएको ‘प्रजातन्त्रका सारथी इन्द्रप्रसाद श्रेष्ठका इतिवृत्त’ सार्वजनिक गरिएको छ । पाँच अध्यायमा विभाजन गरिएको उक्त पुस्तक इतिहासविद् प्रा. ज्ञानमणि नेपालले सार्वजनिक गरे । पुस्तक भोजपुरे सेवा समाजले प्रकाशन गरेको पुस्तक परशु प्रधान, कृष्ण जोशी, शैलेन्द्र साकार र पवन आलोकले सम्पादन गरेका हुन् ।",Entertainment,Literature,0.9042364,381,56
"﻿साझा प्रकाशनले दुई वटा पुस्तक एकैसाथ प्रकाशित गरेको छ। बुधबार एक कार्यक्रम गरी पूर्ववाद र सईदेली विचार तथा मार्क्सवाद, सांस्कृतिक अध्ययन र साहित्यको समाज शाष्त्र नामक दुई कृतिको संयुक्त रुपमा लोकार्पण गरिएको हो। पूर्ववाद र सईदेली विचार नामक कृति नेपाली साहित्यका शिखर व्यक्तित्वहरु माधव प्रसाद घिमिरे, सत्यमोहन जोशी र मदनमणि दीक्षितद्वारा लेखिएको हो भने साहित्यकार निनु चापागाँईले मार्क्सवाद, सांस्कृतिक अध्ययन र साहित्यको समाजशास्त्र नामक पुस्तक लेखेकी हुन्। दुवै कृतिको विमोचन गर्दै प्रधानमन्त...",Sports,Entertainment,0.892472,499,72
"﻿विद्यालयसम्बन्धी अभिलेख उपलब्ध गराउन आग्रह काठमाडौं - काठमाडौं महानगरपालिका, शिक्षा विभागले ‘शिक्षा विकास तथा समन्वय एकाइ कार्यालय’ काठमाडौँलाई विद्यालय व्यवस्थापनसम्बन्धी अभिलेख हस्तान्तरण गर्न आग्रह गरेको छ । विभागका प्रमुख प्रल्हाद अर्यालले एकाइ कार्यालयलाई पत्र पठाउँदै काममा सहज बनाइदिनका लागि विद्यालयका व्यवस्थापनसम्बन्धी सबै अभिलेख हस्तान्तरण गर्न आग्रह गरेका छन् । उहाँले जिल्लाको माध्यमिकसम्मको शिक्षाको काम संविधानअनुसार स्थानीय तहमा गर्ने भएकाले अहिलेसम्म कुनै अभिलेख नआउँदा काम गर्न समस्या परेको बताए । उनले पटक पटक तत्कालीन जिल्ला शिक्षा कार्यालयसँग अनुरोध गर्दा पनि हस्तान्तरण नगरेकाले पुनः एकाइ कार्यालयमा रुपान्तरण भएको कार्यालयलाई हस्तान्तरण गर्नका लागि पत्र लेखिएको जानकारी दिए । “हामीलाई संविधानले माध्यमिक तहसम्मको काम गर्ने अधिकार दिएको छ”, उनले भने, “तर अभिलेख नहुँदा काममा समस्या परेको छ ।” यस्तै उपसचिव अर्यालले महानगरमा भवन अभाव भएकाले एकाइ कार्यालयमा नै कार्यालय स्थापना गर्नका लागि कोठासहित आवश्यक फर्निचर उपलब्ध गराउन आग्रह गरेका छन् ।",Education,Society,0.8893354,965,137
"﻿विराटनगर, असोज २२ - चाडपर्वसँगै विराटनगर बजारमा तरकारीको मूल्यमा दोब्बर वृद्धि भएको छ । विराटनगर बजारमा खपत हुने अधिकांश तरकारी मोरङको पूर्वी र दक्षिणी क्षेत्रका साथै सुनसरीको देवानगञ्जबाट आउने गर्दछ तर उक्त क्षेत्रमा भदौ महिनामा आएको बाढीले खेती डुबानमा परेपछि तरकारीको उत्पादनमा कमी भई यसको मूल्यमा वृद्धि भएको हो । कम उत्पादनका कारण उपभोक्ता दोब्बर मूल्यमा तरकारी किन्न बाध्य भएका छन् । एकातिर तरकारीखेती हुने क्षेत्र डुबानमा परेपछि उत्पादनमा कमी आएको र अर्कोतिर विराटनगरको सीमावर्ती क्षेत्र जोगबनीस्थित मीरगञ्जमा पुल भत्केकाले आयातमा आएको कमीका कारण तरकारीको मूल्य वृद्धि भएको तरकारी व्यापारी बताए । नेपालको पहाडी क्षेत्र र भारतबाट आयात गरेर व्यावसायीले विराटनगर बजारमा तरकारीको आपूर्ति गर्दै आएको छ । बाढी आउनुअघि प्रतिकिलो रु २५ पर्ने प्याज अहिले रु ५० छ भने रु ३० पर्ने आलु रु ६० पुगेको छ । यस्तै रु ४० प्रतिकिलो पर्ने गोलभेँडा रु ६० देखि ७०, रु ५० प्रतिकिलो पर्नेे रामतोरिया अहिले रु ८०, प्रतिकिलो रु २५ पर्नेे घिराैंला रु ४० देखि ५० तथा रु ३० प्रतिकिलो पाइने काँक्राको मूल्य अहिले रु ६० पुगेको छ । यस्तै प्रतिकिलो रु २५ पर्ने प्याज अहिले रु ५० मा पुगेको छ भने रु ७० पर्ने फूलकोभी अहिले रु १२५ मा सर्वसाधाराणले खरिद गरिरहेका छन् ।",Society,Economy,0.8853725,1139,195
"﻿जनकपुर- सिरहा, लक्ष्मीपुर पतारी गाउँपालिका–४ निवासी ४० वर्षिया लिलादेवी साह ७ महिने बच्चा चोरेको आरोपमा शनिबार पक्राउ परिन्। चार छोरीकी आमा लिलाले ६ लाख रुपैयाँ खर्चेर भाडाको चोर परिचालन गरी धनुषा, कमला नगरपालिका –३ पर्साबाट सात महिने दूधेबालकलाई चोरेकी थिइन् । बालक चोरेको आरोपमा लीलासँगै सिरहा नगरपालिका –१० नरहियाका ३६ वर्षे दिलिपकुमार मण्डला र धनुषा, कमला नगरपालिका –२ बस्ने ४१ वर्षीय राधाकृष्ण मण्डल पनि पक्राउ परेका छन्। कसरी चोरिए बालक ? सिरहा, लक्ष्मीपुर पतारिकी लीलादेवी चार छोरीकी आमा हुन् । पति वैदेशिक रोजगारीका सिलसिलामा कतारमा छन् । पतिको कमाइ र घरायसी अवस्थाले लिलाको परिवार समाजमा ठिकैको आर्थिक हैसियत राख्छ । तर छोरा नहुँदाको पीडा भने छँदैछ। छोरो जन्माउन उनले धार्मिक अनुष्ठान र धामीझाँक्री चहारे । कुनै सीप नलागेपछि पछिल्लो एक वर्षदेखि ज्यान फालेर छोरा प्राप्ति अभियानमा जुटिरहेकी थिइन् । आफैले जन्माउन नसके नक्कली भए पनि छोरोको भोक मेट्न उनले जतिसुकै मूल्य चुकाउन तयार रहेको निकटस्थले बुझ्न थालेका थिए । करिब साढे आठ महिनाअघि सिरहाका दिलीपकुमार मण्डल र लिलाबीच नक्कली छोराको बन्दोबस्ती गर्ने योजना बन्यो । उनीहरू दुवै दिल्लीतर्फ लागे । दिल्लीको अनाथ आश्रममा सहजै बच्चा पाउने सूचना उनीहरूले पाएका रहेछन् । त्यहाँ पुगेपछि करिब आठ महिनासम्म भएभरको आश्रम चाहारे । तर, कुनै बच्चा पाउने सम्भावना देखेनन्। अन्त्यमा दिल्लीमा भन्दा नेपालमै बच्चा पाउन सजिलो रहेको महसुस गरेर फर्के । सिरहा निवासी दुवैजना जयनगर आइपुगे । सीमावर्ती भारतीय बजार जयनगरबाट सिरहा नजिक भए पनि उनीहरू घर नगएर जनकपुर आइपुगे। गत भदौ अन्तिम साता जनकपुर आइपुगेका उनीहरूले सिरहा नजिकैको तर धनुषा सीमामा पर्ने कमला नगरपालिकाका केही व्यक्तिसँग आफ्नो लक्ष्य सुनाए । दिलीप मण्डलको नजिकको नातामा पर्ने राधाकृष्ण मण्डल तथा दिलीपको सहयोगमा सम्भावित अन्य सहयोगीको पहिचान गरे। सोहीक्रममा भेटेका कमला नगरपालिका –३ पर्साका वीरे भन्ने वीरेन्द्र यादवले तीन लाख रुपैयाँ उपलब्ध गराए बच्चा व्यवस्था गरिदिने भनेपछि लीलाले वीरेलाई साढे दुईलाख दिएका थिए । तर, वीरेले बच्चा ल्याउन सकेनन् । असोज १२ गते राति करिब सवा १२ बजे आफ्नै घरको छतमाथि अन्य छोराछोरीसँगै सुतिरहेको अवस्थामा सुनिताको काखमै सुतिरहेका सात महिने शोबन चोरिए । जिल्ला प्रहरी कार्यालयका एसपी चक्रबहादुर सिंह र घटना अनुसन्धानमा सुरुदेखि सक्रिय खजुरी इलाका प्रहरी कार्यालयका इन्चार्ज इन्स्पेक्टर होमप्रसाद अधिकारीका अनुसार वीरेलगायत गाउँकै केही व्यक्तिले शोबनलाई चोरी लिलालाई सुम्पेका थिए । यसरी भेटियो बालक छोरा हराएको केही मिनेटमै सुनिता ब्यँझिन् । ओछ्यान वरपर छोरा खोजिन्, भेटिनन् । छतबाट झरेको हुनसक्ने शंका लाग्यो । कुनै जनावरले लग्यो कि भन्ने शंका लागेपछ उनी चिच्याउन थालिन् । टोलभरका छरछिमेक जम्मा भए । सबैले सक्दो खोज्ने प्रयास गरे । कतै नभेटेपछि बिहान नहुँदै पीडित परिवार इलाका प्रहरी कार्यालय खजुरी पुग्यो । त्यहाँ औपचारिक उजुरी पनि दियो । तर, प्रहरीले देखाउनुपर्ने जस्तो गम्भिरता देखाएन । छोरा गुमाएकी आमाले छोरा जीवित रहेकोसम्म आशा राखेकी थिइन् । छिमेकी जिल्लाबाट आएर पाल्नकै लागि छोरालाई चोरेका अनुमान लाउन सक्ने कुनै आधार नै थिएन । घटनाको करिब १० दिन बितेपछि उनकै आशंकामा प्रहरीले सोही गाउँका वीरे भन्ने वीरेन्द्र यादवलाई नियन्त्रणमा लिएपछि घटनाको अनुसन्धान साँघुरियो । वीरेकै बयानका आधारमा राधाकृष्ण मण्डल पक्राउ परे पनि उसले केही भनेन । तर, प्रहरीले दिलीप मण्डलबारेमा सुइँको पाए र दिलीप पक्राउ पर्ने बित्तिकै धनुषा एंव सिरहा प्रहरीको संयुक्त टोली लिलाको घरमै पुगेपछि सात महिने शोबनलाई सकुशल आमाको जिम्मा लगाउन सफल भएको धनुषा प्रहरी प्रमुख एसपी सिंहले बताए । अहिले वीरे र शोबनलाई चोर्न मुख्य भूमिका निर्वाह गर्ने धनुषाकै नगराइन नगरपालिका, झिझाका बाला पासमान फरार छन् । सुरुमै पक्राउ परेका वीरेलाई प्रहरीले मिलेमतोमै भगाएको आरोप पीडितपक्षको छ । प्रहरीले भने घटना अनुसन्धानको सुरुवातमा वीरेको स्पष्ट संलग्नता नदेखिएपछि तारेखमा राखेर अनुसन्धान अगाडि बढाएको र पछि सबै खुलेपछि ऊ फरार भएको जनाएको छ ।",Society,Migration,0.87726915,3530,563
"﻿ काठमाडौं, भक्तपुर, ललितपुर, दोलखालगायतका विभिन्न स्थानमा मनाइने इन्द्रजात्रा वर्षा र सहकालका देवता देवराज इन्द्रको पूजा–आराधना गरेर परम्परागत रूपमा नेवारहरूले मनाउने एउटा मत्वपूर्ण जात्रा हो। यसलाई नेवार जाति येंयाः (योसीं) भन्दछन्। यो जात्रामा जति रमाइलो हुन्छ, त्यति नै यसले महत्व पनि बोकेको छ। गुणकामदेवको पालादेखि इन्द्रजात्रा मनाउन थालिए पनि यसमा राखिने इन्द्रध्वजको उत्थान भने राजा प्रतापसिंह शाहले गरेको कुरा इतिहासमा उल्लेख गरिएको छ। भाद्र शुक्ल द्वादशीका दिनदेखि आश्विन कृष्ण चौथ...",Blog,Tourism,0.87534034,493,70
"﻿कास्की/ भारतीय जलस्रोतसचिव शशिशेखर नआएपछि पञ्चेश्वर विकास प्राधिकरणको गभर्निङ काउन्सिलको चौथो बैठक छलफल मात्रै गरेर सकिएको छ । निर्णय पुस्तिका (मान्युट)मा हस्ताक्षरको अधिकारसहित भारतीय जलस्रोत मन्त्रालयका अतिरिक्त सचिव युपी सिंह बैठकमा आएका थिए । तर, प्राधिकरणको विधानले अतिरिक्त सचिवले गभर्निङ काउन्सिलको माइन्युटमा हस्ताक्षर गर्ने अधिकार नदिएको नेपाली पक्षले बताएपछि बैठक छलफलमा मात्रै केन्द्रित भएको हो । बैठकमा नेपालका तर्फबाट ऊर्जासचिव सुमनप्रसाद शर्मा सहभागी थिए । ‘बैठकलाई औपचारिकता नदिई छलफल मात्रै भयो,’ बैठकमा सहभागी एक नेपाली प्रतिनिधिले भने । व्यवस्थापन सम्बन्धमा केन्द्रित रहेर विभिन्न विषयमा छलफलहरू भए पनि कुनै निर्णय नभएको प्राधिकरणका प्रमुख कार्यकारी अधिकृत महेन्द्रबहादुर गुरुङले बताए । बैठकमा भएका छलफललाई आगामी बैठकले निर्णय गर्ने उनले बताए । छलफलमा तीन महिना (आगामी अक्टोबर) भित्रमा आयोजनाको विस्तृत परियोजना प्रतिवेदन (डिपिआर)लाई अन्तिम रूप दिने सहमति भएको छ । भारतीय सरकारी कम्पनी वापकोसले पञ्चेश्वरको डिपिआर तयार गरी प्राधिकरणलाई बुझाइसकेको छ । प्राधिकरणले डिपिआरमाथि सुझाब दिन नेपालको ऊर्जा मन्त्रालय र भारतको जलस्रोत मन्त्रालयमा पठाइसकेको गुरुङले जानकारी दिए ।",Economy,Society,0.86799127,1087,154
"﻿ अरु नेतालाई स्कर्टिङ चाहिन्छ। आफैंलाई भोट हाल्ने जनताबाट असुरक्षा महशुस गर्छन्। मलाई त जनताले बचाए। उनीहरूले नै थाना र अस्पताल ल्याए।’ गुडिरहेको माइक्रोबाट लडेर घाइते भएका पूर्व उपप्रधानमन्त्री चित्रबहादुर केसी बिहीबार साँझ अस्पतालबाट घर फर्किए। अघिल्लो दिन बिहान माइक्रोबाट लडेपछि धेरैले उनलाई ‘निजी गाडी नचढेर यस्तो भयो’ भन्दै गुनासो गरेका थिए। जसले जे भने पनि अझै उनलाई निजी गाडी चढ्ने रहर छैन। ‘मलाई भन्छन्, कहाँ म...",Sports,Blog,0.8679306,423,67
"﻿संयुक्त राज्य अमेरिकाले सोनी पीक्चर्स इन्टरटेनमेन्ट नामको कम्पनी विरुद्ध गरिएको साइबर आक्रमणको जवाफमा उत्तर कोरिया विरुद्ध नयाँ नाकाबन्दी लगाएको छ। राष्ट्रपति बराक ओबामाले शुक्रबार तीनवटा उत्तर कोरियाली संस्था र दश जना विरुद्ध कारवाही गर्ने कार्यकारी आदेशमा हस्ताक्षर गरेका छन्। हाउसले भनेको छ, & यो उत्तर कोरियाको उत्तेजक, अस्थीरतावादी र दमनकारी कारवाहीको जवाफ हो। & उत्तर कोरियाको आणविक कार्यक्रमका कारण उत्तर कोरियामाथि लगाइएको अमेरिकी नाकाबन्दी कायमै छ। तर कुनै अमेरिकी कम्पनीमाथि साइबर आक्रमण हुँदा नाकाबन्दी लगाइएको यो पहिलोपटक हो। वाशिङटनस्थित बीबीसी संवाददाता रजनी विद्यानाथन् भन्छिन् - & व्यंगात्मक सिनेमा &#39;द इन्टरभ्यू पछि वाशिङटन र प्योङयाङबीचको तनावपूर्ण सम्बन्ध थप विग्रिन पुग्यो। राष्ट्रपति ओबामाले नयाँ नाकाबन्दीलाई पहिलो चरण भनेकाले थप कारवाही आउन सक्छ।& व्यंग्यप्रधान चलचित्र द इन्टरभ्यू पछि वाशिङटन र प्योङयाङको सम्बन्ध थप तनावपूर्ण बनेको छ नाकाबन्दी तीनवटक कम्पनी र दशजना व्यक्ति विरुद्ध लगाइएको छ।उत्तर कोरियाको गुप्तचर निकाय, हातहतियार प्रदायक कम्पनी र रक्षा अन्सन्धानलाई सहयोग पुर्याउने संस्था सहित दशजना सरकारी अधिकारीमाथि नाकाबन्दी लगाइएको छ। ह्वाइट हाउसका अधिकारीहरुले सन्चारकर्मीहरुलाई भने - सोनीमा गरिएको &#39;ह्याक&#39; विरुद्ध कारवाही भएपनि नाकाबन्दी गरिएका पात्र या संस्था प्रत्यक्ष संलग्न थिएनन्। तैपनि दक्षिण कोरियाको सुरक्षा उद्योगलाई थप एक्लाउनु नाकाबन्दीको मुख्य लक्ष हो ताकी भविष्यमा साइबर आक्रमण नहोस। एफबीआइ र राष्ट्रपति ओबामाले यस अघि नै उत्तर कोरिया साइबर आक्रमण गरेको विश्वास व्यक्त गरेका थिए। उत्तर कोरियाले ह्याकमा संलग्न भएको अस्वीकार गर्छ र केहि साइबर सुरक्षा विज्ञहरुले पनि त्यसमा शंका व्यक्त गर्छन्। गार्डियन्स अफ पीस भन्ने समुहको नाममा सोनी कम्पनीका इमेल र व्यक्तिगत तथ्यांकहरु सार्वजनिक भएका थिए। सोही समुहले द इन्टरभ्यू नामको व्यंग्यात्मक सिनेमा देखाउन चाहने सिनेमाघरहरुलाई धम्की दिएको थियो।",World,Entertainment,0.8662139,1745,248
"﻿वीगन्जको सडकमा चलचित्रको पर्दाजस्तै तीव्रगतिमा दृश्यहरु फेरिदैछन्। विभिन्न पार्टीका झण्डाधारी कार्यकताहरु एकपछि अर्को गरी सडकमा झुम्मिएका छन्, यहँ आउने आफ्ना ठूला नेतालाई स्वागत गर्न । यो खबर हामीले आजको नागरिक दैनिकबाट लिएका हौ। सडकमा फरक फरक पार्टीका झन्डावाला गाडीमा नेताहरु ओहोरदोहारेर गरिरहेका छन् । मोटरसाइकलको पनि ताती नै लागेको छ । राजनीतिक दलका नेता र मन्त्रीहरु बिहीबारदेखि वीरगन्जमा सुरु भएको पाँचदिने योग विज्ञान शिविरको केन्द्रविन्दु योगगुरु स्वामी रामदेव, बाबाको सान्निध्य प...",Entertainment,Sports,0.86490434,492,71
﻿जिल्लामा बढ्दो बालबिवाह रोक्नका लागि बालबालिकाले साथीलाई चिठी पठाउने अभियान सुरू गरिएको छ। उमेर नपुगी आफ्ना छोराछोरीको बिवाह नगराउन अभिभावकलाई लक्षित गरी बालबालिकाले चेतनामूलक चिठी पठाउन थालेका हुन्। जिल्ला बाल सञ्जालको अगुवाइमा सानै उमेरमा बिवाह नगराइदिने उद्देश्यका साथ यो अभियान सुरू गरिएको हो । बालबिवाहविरुद्ध अभिभावक र बालबालिकालाई सचेत गराउन यस्तो अभियान प्रभावकारी हुने देखिएपछि सुरू गरिएको जिल्ला बाल सञ्जालकी अध्यक्ष सफलता भण्डारीले जानकारी दिइन्। अभियान एक महिनासम्म चल्...,Entertainment,Sports,0.86350864,485,69
﻿नेपाल प्रहरीका प्रमुख प्रहरी महानिरीक्षक उपेन्द्रकान्त अर्यालका छोरा डाक्टर आयुष अर्यालविरुद्ध आफ्नै साथीको हत्या गरेको आरोप लागेको छ । गत शनिबार साँझ साढे ९ बजे पोखरास्थित मणिपाल अस्पतालदेखि २ सय मिटरर नजिकैको एक घरको तेस्रो तल्लाबाट खसेर अस्पतालमा इन्टर्न गरिरहेका डाक्टर अभिनेष ठाकुरको रहस्यमय मृत्यु भएपछि उक्त घटना बाहिर आएको हो । कास्की प्रहरीले सकेसम्म घटना बाहिर ल्याउन चाहेको छैन् । मृतकका पिता स्वास्थ्थ मन्त्रालयको अनुगमन महाशाखा प्रमुख सहसचिव डाक्टर गरिबदास ठाकुरले आफ्नो छोराको हत्या अर्यालका छोरा र उनका साथी प्रतिशा प्रधानको मिलेमतोमा भएको भन्दै किटानी जाहेरी दिएपछि कास्की प्रहरी अप्ठ्यारोमा परेको छ । आर्थिक राष्ट्रिय दैनिकमा समाचार छ ।,Education,Society,0.86240673,654,100
"﻿बाराहीघाटस्थित फेवाताल किनारामा निर्माण भएको रेस्क्यु टावरका कारण दुर्घटनाको क्रम घट्दै गएको छ। टावरबाट सशस्त्र प्रहरीको समूहले निरन्तर रुपमा तालका गतिविधिको निगरानी गरेका कारण पछिल्लो समयमा दुर्घटना न्यूनीकरण गर्न सफल भएको सशस्त्र प्रहरीले जनाएको छ। सशस्त्र प्रहरी बल, मुक्तिनाथ बाहिनीका सहायक बाहिनीपति प्रहरी वरिष्ठ उपरीक्षक कृष्णभक्त कर्माचार्यले टावरबाट दूरबिनमार्फत तालमा निरन्तर निगरानी गरिएको बताउँदै उक्त क्रममा केही घटना देखिए तत्काल डुङ्गामार्फत उद्धार गर्ने गरिएको जानकारी दिए। यसैबीच आजै...",Sports,Entertainment,0.85321504,504,68
"﻿पाल्पा, असोज २२ -रामपुर नगरपालिका – ६ कौवा बस्ने विष्णुदेवी गैरेले दूध बेचेर राम्रो आम्दानी लिइरहनु भएको छ । चारवर्ष अगाडि दुईवटा उन्नत जातका गाई नवलपरासीको कावासोतीबाट ल्याई उनले गाईपालन सुरु गरेका हुन् । अहिले उनलाई गाईपालन व्यवसाय वरदान नै सावित भएको छ । आफूले मासिक रु ६० हजारसम्म दूध बेचेर आम्दानी गर्ने गरेको उनले बताए । आफूले पाएको सफलताबाट उहाँ निकै हर्षित हुनुहुन्छ । दुई चार पैसा आवश्यक परेका बेला ऋण माग्न जाँदा नपत्याउनेका अगाडि अहिले साहसी महिला र सफल व्यवसाय बनेका छन् । 'पैसा भए सबै नभए कोही न कोही भनेझै आम्दानी हुन थालेपछि टाढिएका आफन्त साथीभाइ पनि नजिक हुन थालेका छन्,'उनले भने । अहिले उनकाे फार्ममा झण्डै आठ लाख भन्दा बढी लगानी परेको छ । दूध बेच्ने र गाईको स्याहारसुसार गर्दै उनको दिन बित्ने गरेको छ । यही व्यवसायबाट उहाँको पाँचजना परिवारको गुजारा र दुई छोराको उच्च शिक्षा राम्रैसँग चलेको छ । उनी दैनिक ३० देखि ४० लिटरसम्म दूध बिक्री गर्छन् ।",Society,Economy,0.8504952,862,155
"﻿लन्डन । अन्तर्राष्ट्रिय नेपाली वाङ्मय प्रतिष्ठान (अनेवा) बेलायतद्वारा प्रत्येक वर्ष प्रदान गरिने ‘अनेवा नक्षेत्र पुरस्कार’ यसपटक ‘करोडौं कस्तूरी’ उपन्यासका लागि अमर न्यौपानेलाई प्रदान गरिने भएको छ । ‘सेतो धरती’का लागि मदन पुरस्कार पाइसकेका न्यौपानेको ‘पानीको घाम’ पनि चर्चित छ । प्रतिष्ठान अध्यक्ष विकलचन्द्र आचार्यको अध्यक्षतामा हालै बसेको पुरस्कार छनोट समिति बैठकले यो निर्णय गरेको हो । पुरस्कार समितिमा जयालक्ष्मी राई, नारायण अधिकारी र गोपी सापकोटा छन् । पुरस्कार घोषणाले आफूलाई खुसी तुल्याएको उपन्यासकार न्यौपानेले बताए । अनेवा प्रतिष्ठानले विदेश बसेर पनि नेपाली साहित्यलाई दिएको योगदानलाई उनले प्रशंसा गरे । अनेवा नक्षेत्र पुरस्कार हरेक वर्ष नेपाली भाषा, साहित्य र संस्कृतिमा योगदान पुर्‍याउने नेपाली साहित्यिक स्रष्टालाई प्रदान गरिन्छ । प्रतिष्ठानले यसअघि यो पुरस्कारद्वारा शान्ता चौधरीलाई ‘कमलरीदेखि सभासदसम्म’ पुस्तकका लागि तथा साहित्य र पत्रकारिताको क्षेत्रमा योगदा गरेबापत लेनिन बञ्जाडे र नारायण अमृत तथा राजकुमार दिक्पाललाई सम्मानित गरिसकेको छ । यो पुरस्कारको राशि ६० हजार रूपैयाँ छ। सन् २०१२ मा स्थापित प्रतिष्ठानले स्थापनाकालदेखि नै हरेक वर्ष विशेष साहित्यिक कार्यक्रम गर्दै आएको छ।",Entertainment,Migration,0.84241205,1096,158
"﻿ ३ असोज, काठमाडौं । काठमाडौं उपत्यकामा उदाहरणीय सार्वजनिक यातायात मानिएको साझा यातायातले नयाँ बसहरु भित्र्याएको छ । र, अबको केही दिनमा काठमाडौंको सडकहरुमा यो बस गुड्नेछ । काठमाडौं महानगरपालिकालाई १० करोडको शेयर बेचेर साझा यातायातले ३० वटा नयाँ बस किनेको छ । जसमध्ये १५ भन्दा बढी काठमाडौं आइसकेका छन् भने बाँकी वीरगञ्जबाट भन्सार पास भएर आउने क्रममा छन् । अपांगमैत्री र आरामदायी बसमा दुईवटा ढोका छन् र दुबै फराकिला छन् । बसको पछिल्लो भागको ढोकाबाट ह्वील चियर प्रयोगकर्ताहरु सजिलै बस चढ्न र ओर्लन सक्नेछन् । त्यसका लागि म्यानुअल लिफ्टको सुविधा उपलब्ध छ । बसमा दुईवटा ह्वील चेयर अटाउने स्पेश छ । र, बसभित्र ह्वीलचियर अड्याएर सिटबेल्ट बाँधेर बस्न सकिन्छ । यी नयाँ बस झण्डै ११ मिटर लामा छन् । काठमाडौंका सडकमा यात्राका लागि यी बस सुविधाजनक, आकर्षक हुने मानिएको छ । भारतीय कम्पनी अशोक ले-ल्याण्डका सर्भिस म्यानेजर अनुपकुमार स्वाइँले साझाका नयाँ बस भारतीय सडकमा गुड्ने ठूला बसभन्दा पनि आकर्षक र यात्रुमैत्री रहेको अनलाइनखबरलाई बताए । मोबाइल चार्ज सुविधा बसको ढोका ड्राइभरले नै अटो खुल्ने लगाउने गर्न सक्छन् । यो बसमा ४ वटा भेन्टिलेटर दिइएको छ । यसले बसभित्र बस्दा यात्रुलाई अप्ठेरो महशुस हुने छैन । गाडीका विभिन्न भागमा मोबाइल चार्ज गर्ने सुविधा पनि दिइएको छ । अहिले चार्जिङ फेसिलिटी भएका एउटा पनि बस काठमाडौंभित्र गुड्दैनन् । बसमा ४० वटा सिट छन् । सीटहरु अन्य बसहरुको तुलनामा ठूला छन्, जसले अभिभावकसँग यात्रा गर्ने बालबालिकालाई सहज हुनेछ । बीचभागमा पर्याप्त स्पेशका साथै ३० वटा ह्यांगर छ, जसका कारण उँभिएर यात्रा गर्दा पनि कोचिएर बस्नु पर्नेछैन । साझाका नयाँ बसहरुमा मनोरञ्जनका लागि टिभी जडान गरिनेछ भने सुरक्षाका लागि सीसी क्यामरा पनि जोड्ने योजना रहेको साझा यातायातका निमित्त प्रमुख कार्यकारी अधिकृत महेन्द्रराज पाण्डेयले बताए । बसको इन्टिेरियर डिजाइनिङ पनि उत्कृष्ट भएकाले यसमा यात्रा गर्नेलाई मनोबैज्ञानिक आनन्द मिल्ने कम्पनीका इञ्जिनियर स्वाइँको दाबी छ । ‘नेपालमै पहिलोपटक यस्ता बस भित्रिएका छन् । यो सुविधा र सुरक्षामा अब्बल मात्रै छैन, यो यात्रुलाई बसभित्र कम्र्फट र साइकोलोजिकल वन्डरफूल फील दिन पनि सफल हुनेछ’ उनले भने । बसमा प्रयोग भएको ब्याट्रीलाई बाहिरी भागमा जडान गरिएकाले आगलागी लगायतका घटना भएमा यात्रुलाई सुरक्षित राख्न मद्दत गर्ने कम्पनीले बताएको छ । नयाँ रुटमा जाने, पुरानोमा थप्ने साझाले ०७० को वैशाखदेखि राजधानीमा १६ वटा बस सञ्चालन गरिरहेको छ । नयाँ आउने केही बसहरु अहिले चलिरहेका रुटमै थप गरिने छ भने केही नयाँ रुटमा पनि सञ्चालन गरिने साझाका निमित्त सीइओ पाण्डेयले बताए । ‘अहिलेकै रुटमा पनि बस संख्या कम छन् । त्यसमा आवश्यक थपेर अन्य रुटमा पनि पर्मिट लिने योजना छ,’ पाण्डेयले भने । भिडियो हेर्नुस् नयाँ बसलाई तिहार अघिसम्म सञ्चालन गर्ने साझाको लक्ष्य छ । पाण्डेयका अनुसार सबै बस आइसकेपछि रुट इजाजतको प्रक्रिया सुरु हूनेछ । रुट निर्धारण गर्दा सबैलाई सहज पार्ने गरी माग र यात्रको चापको अवस्था हेर्ने उनले बताए । अहिले नयाँ बसपार्कदेखि लगनखेलसम्म ६ वटा बस चलिरहेका छन् भने नयाँ बसपार्कदेखि त्रिभुवन विमानस्थलसम्म ४ वटा बसले सेवा दिइरहेका छन् । लगनखेलदेखि बुढानिलकण्ठसम्म ६ वटा बस सञ्चालनमा छन् ।",Economy,Automobiles,0.84203434,2806,469
"﻿ काठमाडौं । पछिल्लो समय विदेशी लगानीकर्ता नेपालमा होटल तथा रेष्टुराँ सञ्चालनमा आकर्षित भएको देखिन्छन् । चालु आर्थिक बर्षको जेठसम्म उद्योग विभागमा दर्ता भएका होटल तथा रेष्टुराँको तथ्यांकले यस्तो देखाएको हो । यस क्षेत्रमा लगानी गर्न सहज भएकोले पनि विदेशी लगानीकर्ता आकर्षित भएको उद्योग विभागका अनुमती शाखा अधिकृत रामप्रसाद लुइँटेलले जानकारी दिए । ‘होटल रेष्टुराँ सानो लगानीमा पनि सञ्चालन गर्न सक्नुका साथै भौतिक पूर्वाधार त्यती आवश्यक नहुने भएकोले यसमा लगानी बढेको हो’ उनले भने । त्यस्तै कतिपय उत्पादनमुलक उद्योगहरुमा विदेशी लगान्ी समेत प्रतिबन्ध भएकोले सहज उद्योगको रुपमा होटल रेष्टुराँ रोजेको बताइएको छ । विभागका अनुसार चालु आर्थिक बर्षमा उद्योग ९१ ओटा होटल तथा रेष्टुराँ सञ्चालनको स्वीकृति लिएका छन् । सञ्चालनको स्वीकृति लिनेमध्ये अधिकांश होटल विदेशी लगानीका रहेको छ । विभागका अनुसार चालु आवमा दर्ता भएकामध्ये ७६ ओटा होटल तथा रेष्टुराँ विदेशी लगानीका छन् । त्यस्तै विदेशी लगानीमा पनि सवैभन्दा बढी चीनीयाँ लगानीकर्ता रहेको बताइएको छ । चालु आवमा दर्ता भएकामध्ये २ ओटा स्वदेशी तथा विदेशी लगानीका छन् । अन्य १३ ओटा होटल तथा रेष्टुराँस्वदेशी लगानीका रहेको बताइएको छ । जसमध्ये अधिकांश होटल तथा रेष्टुराँ काठमाडौं उपत्यकामा केन्द्रित छन् । दर्ता भएकामध्ये ६० ओटा होटल तथा रेष्टुराँ काठमाडौंमा सञ्चालन गरिने भएको छ । त्यस्तै १४ ओटा ललितपुरमा सञ्चालन गरिने छ । अन्यले कास्की, चितवन तथा बैतडीलगायत जिल्लामा सञ्चालन गर्ने गरि स्वीकृति लिएका छन् । त्यस्तै दर्ता भएकामध्ये ८ ओटा ठूला लगानीका होटल रहेको लुइँटेलले जानकारी दिए । ठूला लगानीका होटलहरुमा होटल ह्वाइट हाउस रिजेन्सी प्राली, सिजी होटल्स एण्ड रिसोर्टस प्रालि, सिजी होटल्स एण्ड रिसोर्टस प्रालि शाखा, टाइगर भिलेज होटल प्रालि, टाइगर फरेष्ट होटल प्रालिलगायत छन् । जसमध्ये होटल ह्वाइट हाउस रिजेन्सी प्राली बाँकेमा स्थापना गर्ने उद्देश्यका साथ विभागमा दर्ता भएको छ । भरतविलास पराजुलीको लगानीमा दर्ता भएको होटलमा ४९ वेड संख्या र १ सय रेष्टुराँ सञ्चालन गरिने बताइएको छ । साथै सो होटलले १ सय ४९ कर्मचारीलाई रोजगारी दिने छ । त्यस्तै शिला चौधरी लगानीकर्ता रहेको ललितपुर ठेगाना रहेको सिजी होटल्स एण्ड रिसोर्टस प्रालि ३ सय बेड र ३ सय सिटको रेष्टुराँको क्षमता छ । सो होटलले २ सय १० जनालाई रोजगारी दिने छ । सिजी होटल्स एण्ड रिसोर्टस प्रालि शाखा काठमाडौं १ सय ८० ओटा बेड, १ सय ८० रेष्टुरेन्टको सिटको छ । जुन १ सय १ सय जना कर्मचारीलाई रोजगारी दिने उद्देश्यका साथ दर्ता भएको छ । टाइगर भिलेज होटल प्रालि रुपन्देही १ सय २० बेड संख्या ४८ सिटको रेष्टुँरा सहित सञ्चालनमा आउने तयारी गरेको छ । यसले १ सय ४९ जनालाई रोजगारी दिने छ । त्यस्तै रुपन्देहीमा टाइगर फरेष्ट होटल प्रालि २ सय ५० बेड र ८८ ओटा सिटको रेष्टुराँ छ । यसमा शतप्रतिशत नेपाली लगानी छ । सो होटलबाट २ हजार ८ सय ५८ जनाले रोजगारी पाउने छन् । चालु आवमा दर्ता भएकामध्ये ५ ओटा मध्यम स्तर र ६९ ओटा साना स्केलका होटल रहेको विभागको तथ्यांकमा उल्लेख छ ।",Tourism,Economy,0.8412794,2627,452
﻿ओस्कारमा नोमिनेशन भएको फिल्म क्याराभानका अभिनेता थिन्ले लोण्डुपको आइतबार निधन भएको छ। घोडामा डोल्पा सदरमुकाम दुनैबाट छिप्का जाँदै गर्दा थिन्लेको घोडालाई खच्चडले धक्का दिएपछि उनी घोडासँगै लडेका थिए। घोडाको घटनास्थलमै मृत्यु भए पनि थिन्ले जिवितै थिए। केही पर्यटकले उनलाई लडेको देखेपछि छिप्का ल्याएका थिए। उपचारको लागि हेलिकप्टरमा काठमाडौं ल्याउने तयारी हुँदै गर्दा साँझ साढे ५ बजेतिर थिन्लेको निधन भयो । अहिले उनको शव डोल्पाको छिप्कामा राखिएको स्थानीय तथा डोल्पो सोसाइटीका म्यानेजर पेमा वाङछेन डो...,Entertainment,Sports,0.8348667,498,74
"﻿ नेपालको मुद्रा रुपैयाँको नोट र सिक्का देश बाहिरको नोट तथा सिक्का छाप्ने कम्पनीमा छापिने गरेको छ। सिक्का र नोट छाप्न देशबाहिरका यस्ता भिन्नाभिन्नै कम्पनीलाई जिम्मा लगाइने गरिन्छ। विश्वमा यस्ता नोट छाप्ने कम्पनी लगभग २० वटा रहेका छन्। तर नेपाल राष्ट्र बैंकले भने नेपाली नोट छाप्नको लागि गत आर्थिक वर्षमा १० कम्पनीलाई प्रि क्वालिफिकेसनमा सूचीकृत गरेको थियो । २०७१ पौष २५ गते नेपाल राष्ट्र बैंकले १० वटा कम्पनीलाई सूचीकृत गरेको हो । प्रि क्वालिफिकेसनमा १० कम्पनी मध्ये इन्डोनेसियाको पेरुम पेरुरी, कम्पनीलाई नोट छाप्नको लागि जिम्मा लगाएको स्रोतले जानकारी गराएको छ। नेपालमा विसं. २००२ सालदेखि कागजको नोट छाप्न सुरु गरिएको हो। राजा त्रिभुवनको पालामा नेपालमा कागजी नोटको प्रचलन सुरु भएको हो। नेपालले नोटको चलन चल्ती सुरु गरेपछि विशेषत बेलायत, होल्याण्ड अष्ट्रेलिया जस्ता देशमा पैसा छाप्दै आएको थियो। बेलायतको डिलारु करेन्सीमा नेपालले धेरैवर्ष सम्म नोट छापेको एक पुर्व गभर्नरले जानकारी दिए। केहि अघि बजारमा आएको प्लाष्टिकको नोट भने रिजर्ब बैंक अफ अष्ट्रेलिया मातहतको नोट प्रकाशन गर्ने कार्यालय नोट प्रिन्टिङ अष्ट्रेलियाले छापेको थियो । केहि समय अघि प्रचलनमा आएको तर अहिले बन्द रहेको पोलिमर अर्थात प्लाष्टिकको नोटमा भने कलर जाने समस्या देखिएपछि अहिले छाप्न बन्द गरिएको पूर्व गभर्नर दिपेन्द्र बहादुर क्षेत्रीले जानकारी दिए। उनले भने अन्य मुलुकमा राम्रो मानिएको पोलिमरको नोट नेपालमा भने टिकाउ हुन सकेन ,केहि नोटमा यसको कलर जाने समस्या देखेपछि नेपाल राष्ट्र बैंकले पोलिमरको नोट छाप्न बन्द गरेको हो । हाम्रो छिमेकी मुलुक भारतमा पनि नोट छाप्ने कम्पनी छ । पाँच वर्ष पहिले सम्म नेपालले भारतीय कम्पनीबाट नोट छापेको थिएन । तर पूर्व गभर्नर युवराज खतिवडाको पालामा भने भारतबाट समेत नोट छापिएको र त्यसको कागज गुणस्तरीय नभएका कारण पछि छाप्न छोडेको स्रोतको भनाई छ । त्यस्तै छिमेकी मुलुक चिनमा नेपालले सिक्का छाप्दै आएको छ । राष्ट्र बैंकले सिक्का चीन र दक्षिण कोरियाका सिक्का छाप्ने कम्पनीमा छाप्दै आएको छ। सिक्का छाप्नको लागि मिन्ट सेवा भएको पैसा छाप्ने कम्पनीलाई जिम्मा लगाउनुपर्ने हुन्छ। एक पूर्व गभर्नरका अनुसार अहिले नेपालमा उपलब्ध एक रुपैयाँको सिक्का छाप्नको लागि एक रुपैया भन्दा बढि लगानी लाग्छ । उनले भने एक रुपैयाँको सिक्का डेढ रुपैयाँ भन्दा बढी पर्दछ तर यसको तुलनामा दुई रुपैयाँको नोट छाप्न भने केहि सस्तो पर्दछ । नोट छाप्दा सानो नोटको भन्दा ठुलो नोटको लागत बढी पर्ने गर्दछ । ठुलो नोटमा सेक्युरिटी फिचर्स बढी हुने गरेका कारण यसलाई छाप्नको लागि लागत बढी लाग्ने स्रोतको भनाई छ। २०७१ पौष २५ गते नेपाल राष्ट्र बैंकले नोट छाप्नको लागि प्रि क्वालिफिकेसनमा राखिएका नोट छाप्ने कम्पनी र देश १ चिनको चाइना बैंकनोट प्रिन्टिङ एण्ड मिन्टिङ कर्पाेरेशन २ जर्मनीको जिस्क एण्ड डेभ्रिएनट जिएमबिएच ३ स्वीडेनको क्रेन एबि ४ बेलायतको डिलारु करेन्सी ५ नेदरल्याण्डको जोन इन्सेड बैंकनोेट बिभि ६ क्यानडाको क्यानेडीयन बैंक नोट कम्पनी लिमिटेड ७ जर्मनीको बन्डेस डर्केरी जिएमबिएच ८फ्रान्सको ओबेरथर फिडुकेयर ९ रसियाको फेडरल स्टेट युनेटरी इन्टरप्राइजेज १० इन्डोनेसीयाको पेरुम पेरुरी स्रोतका अनुुसार अहिले नेपाल राष्ट्र बैंकले बिशेषत यि १० कम्पनीबाटै नोट छाप्ने गरेको छ। नोट छाप्नुपूर्व नेपाल राष्ट्र बैंकले एक पटक ग्लोबल टेन्डर आह्वान गर्दछ । यसमा विश्वका झन्डै २० वटा कम्पनीले आवेदन दिने गर्दछन् । तर नेपाल राष्ट्र बैंकले यसमध्ये १० वटा कम्पनीलाई मात्रै प्रि क्वालिफिकेसनको सूचीमा समाबेश गर्दछ । नोट छाप्न कसलाई दिने भनेर निर्णय गर्नुपूर्व राष्ट्र बैंकले ति प्रि क्वालिफिकेसनमा परेका कम्पनीको टेक्नीकल र फाइनान्सियल रिपोर्ट हेरेर एक कम्पनीलाई छनौट गर्ने गर्छ ।टेक्निकल जजमेन्ट गर्दा कागजको क्वालिटी, सेक्युरिटी फिचर्स जस्ता विभिन्न कुरामा ध्यान दिइन्छ । फाइनान्सियल जजमेन्ट गर्दा भने कम लागतमा पैसा छाप्ने कम्पनीलाई बढी प्राथमिकता दिने गरिन्छ। यसरी छापेको नोट राष्ट्र बैंकले मुद्रा व्यवस्थापन विभागको स्टोर रुममा ल्याएर राख्छ । तर छापिएका नोटको प्रिफेक्स नम्बर चलनमा ल्याएको राष्ट्र बैंकले सूचना जारी नगर्दा सम्म त्यो नोटको मान्यता हुँदैन। राष्ट्र बैंकले बेलाबेलामा प्रिफेक्स नम्बर जारी गरेको सूचना बाहिर ल्याउने गर्दछ। सेतोपाटि बाट साभार |",Technology,Bank,0.82374716,3695,587
﻿दुई देशबीच सैन्य क्षेत्रमा सहयोग विस्तार गर्ने उद्देश्यले नेपाल र चीनबीच सन् २०१७ मा संयुक्त सैन्य तालिम नेपालमा आयोजना हुने भएको छ। यो खबर आजका अधिकांश पत्रपत्रिकाले छापेका छन्। उत्तरी छिमेकीले नेपालसँग निकट भविष्यमा हुन लागेको सैन्य तालिमबारे बिहीबार घोषणा गरेको हो । चिनियाँ जनमुक्ति सेना र नेपाली सेनाबीच पहिलोपटक संयुक्त सैन्य तालिम हुन लागेको हो । सैन्य तालिमका सम्बन्धमा दुई देशका उच्च राजनीतिक तहबाट सहमति प्राप्त भइसकेको स्रोतले बतायो। यो खबर हामीले सेतोपाटीका लागि अन्नपूर्ण पोष्टबाट लिएका ...,Entertainment,Sports,0.8212538,504,79
"﻿गङ्गा नदीको किनारमा एकजना सन्त आश्रम बनाएर बसेका थिए । आदर्श आध्यात्मिक जीवनको नेतृत्व गर्नुबाहेक उनले आफ्ना अनुयायीहरूलाई योग, ध्यान र ज्ञानको शिक्षा पनि दिने गर्दथे । एक दिन औँसीको दिन थियो । वर पर चौपट्ट अँध्यारो थियो । सन्तले आफ्ना शिष्यमध्ये एक जनालाई बोलाएर आˆनो हातमा रहेको किताब दिँदै भने-‘बाबु, यो किताब भित्र कोठामा लगेर टेबुलमाथि राख ।’ शिष्य गुरुले दिनुभएको पुस्तक लिएर भित्र कोठामा गयो र आत्तिँदै फर्किएर आयो । ऊ डरले असिनपसिन देखिन्थ्यो । डराउँदै उसले भन्यो-‘गुरुदेव, भित्र टेबुलनजिकै त अजङ्गको सर्प छ ।’ सन्तले ‘त्यसरी आत्तिन पर्दैन बाबु’ भनेर भने । उनले पुनः निर्देशन दिँदै भने-‘जाऊ, सर्प भए पनि आत्तिनुपर्दैन । ‘ॐ नमः शिवाय’ भन्ने यो मन्त्र जप्दै जाऊ, तिमी नपुग्दै त्यो सर्प भागिसकेको हुनेछ । । चिन्ता नगर, जाऊ ।’ शिष्य ‘ॐ नमः शिवाय’ मन्त्र उच्चारण गर्दै दोस्रो पटक कोठाभित्र छिर्‍यो । तर, आश्चर्य सर्प त्यहीँ थियो । मन्त्रले कुनै काम गरेको उसले अनुभव गरेन । भयभीत हुँदै, हस्याङ्फस्याङ गर्दै ऊ फेरि गुरुनजिक आयो र भन्यो-‘गुरुदेव, खै सर्प त गएकै छैन । जस्ताको त्यस्तै एकै ठाउँमा बसिराखेको छ ।’ ‘ठीक छ, यस पटक तिमी हातमा बत्ती लिएर जाऊ । बत्तीको उज्यालो हेर्न नसकी आत्तिएर सर्प आफैँ भागेर टाढा जानेछ ।’-गुरुले सम्झाउनुभयो । चेलो हातमा बलिरहेको बत्ती लिएर तेस्रो पटक कोठाभित्र छिर्‍यो । जसै उसले बत्तीलिएर सर्प भएको ठाउँमा गयो, त्यहाँ त उसले सर्पका ठाउँमा एउटा डोरी देख्यो । सर्पको आकारमा बटारिएर बसेको डोरीलाई पो उसले अहिलेसम्म सर्प मानिरहेको रहेछ । भ्रमवश, उसले डोरीलाई सर्प मानिरहेको रहेछ । ऊ फर्कियो र गुरुलाई सर्पका ठाउँमा डोरी रहेको कुरा बतायो । आफ्ना चेलाको प्रतिक्रियाप्रति प्रतिक्रिया जनाउँदै गुरुले गम्भीरताका साथ सम्झाउनुभयो-‘बाबु, यो समग्र संसार नै यस्तै भ्रमहरूको सञ्जाल हो । सत्य र बोधको उज्यालोमा बाहेक हामी अरु कुनै पनि तरिकाले भ्रमको सञ्जालबाट उम्कन सक्दैनौँ । ज्ञानको दीपक बालेर मात्र हामी सत्य र असत्यको निरूपण गर्न सक्दछौँ । त्यसैले, सधैँ ज्ञानको उज्यालो लिएर अज्ञानको भ्रमबाट मुक्त हुने प्रयास गर्नू ।’ आचार्य लक्ष्मण भण्डारी शिष्य भ्रमबाट बोधको यात्रा गर्नका लागि ज्ञानको दीपक अनिवार्य हुँदोरहेछ भन्ने सत्यवोध गरी तदनुसार जीवन रूपान्तरणको प्रयत्न गर्ने सङ्कल्प गर्‍यो । हामी थुप्रैथुप्रै भ्रमहरूका बीचमा बाँचिरहेका छौँ । ज्ञानको अभावमा हाम्रा अगाडि सर्प डोरी र डोरी सर्प भएर देखा पर्ने गर्दछन् । जसै, ज्ञानका बत्तीहरू बल्न थाल्छन्, हामीले सर्प देखेका डोरीहरूको भयबाट पनि हामी क्रमशः मुक्त हुँदै जान्छौँ । हाम्रो बन्धन र मुक्ति हामीभित्रको ज्ञानको प्रकाशमा निर्धारित हुनेगर्दछ । अज्ञान नै सम्पूर्ण दुःख र तनावको एक मात्र कारण हो । यही अज्ञानमा नै हामीले गर्न नहुने थुप्रै कुराहरू गरिरहेका हुन्छौँ, गर्नुपर्ने थुप्रै कुराहरू छुटाइरहेका हुन्छौँ । हामीलाई अपि्रय पनि पि्र्रय लाग्दछन्, प्रिय पनि अप्रिय लाग्दछन्, कुरूप विरूप देखिन्छन्, विरूप कुरूप देखिन्छन् । निर्णय क्षमता कमजोर भएर जान्छ । सत्य र असत्यको भेद गर्न नसक्दा कयौँ अपराधका भागीदार बनिरहेका पनि हुन्छौँ । अँध्यारोको यात्रा कहिल्यै सुरक्षित र सन्देहमुक्त हुँदैन । गन्तव्य कहाँ हो थाहा हुँदैन । हिँडुनुपर्ने बाटो नहिँडेर अन्तैअन्तै हिँडिरहने सम्भावना अधिक हुन्छ । अगाडि खाडल हुनसक्छ, भीर र पहराहरू हुनसक्छन् । अजङ्गका जीवजनावरका शिकार हुन पनि सकिन्छ । म ठीक बाटोमा छु कि बेठीक बाटोमा भन्ने सन्देहले कहिल्यै छोड्दैन । अँध्यारोले सबै गतिहरूलाई अवरुद्ध गरिदिन्छ । दिनभर जताततै दौडधुप गरिरहेका मानिसहरू पनि रात परेपछि विश्राम गर्दछन्, निदाउँछन् । बाहिर बाटोभरि हिँडिरहेका सबै भित्र पस्दछन् किनकि रातमा गरिएको यात्रा जोखिमपूर्ण हुन्छ । यदि रातमा कुनै काम गरि नै हालियो भने पनि बत्ती नबालीकन सम्भव छैन, उज्यालो नबनाईकन सम्भव छैन । जब सूर्योदय हुन्छ, सुतेका मानिस, पशुप्राणी सबै जाग्दछन् र आआफ्ना गन्तव्यतिर लाग्दछन् । उज्यालो भएपछि नै हामी घरबाट बाहिर निस्कन्छौँ र कर्तव्यको यात्रा आरम्भ गर्दछौँ । उज्यालोमा नै हामीले हरेकलाई चिन्न, बुझ्न, र जान्न सक्दछौँ । उज्यालोमा नै निर्णय गर्न सकिन्छ, कुनै पनि विषयको यकिन गर्न सकिन्छ, निश्चित गर्न सकिन्छ । अँध्यारोमा हामीले केवल अनुमान गर्न सक्दछौँ । हामीले अँध्यारोमा गरेको अनुमान मिल्न पनि सक्छ, नमिल्न पनि सक्छ । कतै मिलिहाल्यो भने पनि त्यो केवल संयोग मात्र भइदिन्छ । अँध्यारो त्यसैले अनिर्णय, अनिश्चय, अनुमान र अकर्मण्यताको समय हो । हामी बाहिरको अँध्यारो त बत्ती बालेपछि हराइहाल्छ, तर भित्रको अँध्यारो कसरी हटाउने होला ? यो अहम् प्रश्न हो । रोग, भोग, शोक, अभाव, चिन्ता, भय र अहङ्कारजस्ता दुर्गुणहरू छन् । प्रेम, करुणा, दया, शान्ति, अहिंसाजस्ता सद्गुणहरू पनि हामीभित्र खचाखच भरिएर रहेका छन् । तर, विवेकको दियालो नबालीकन हामी दुर्गुण र सद्गुणमा फरक छुट्याउन सक्दैनौँ । यसरी फरक छुट्याउन नसक्दा नै हाम्रा लागि सद्गुणहरू दुर्गुण भइरहेका छन् र दुर्गुणहरू सद्गुण भइरहेका छन् । दीपावली त्यसैले, ज्ञानको पर्व हो । अँध्यारोले डम्म औँसीजस्ता रातहरू पनि बत्ती बालेपछि दिनमा बदलिन्छन् । सबैतिर बत्ती बल्दा लाग्दछ, उज्यालोका लागि दिनको प्रतीक्षा गर्नुपर्दैन जोभित्र विवेकको दीपक प्रज्वलित हुन्छ, उसको जीवन पनि सुन्दर, सभ्य र भव्य हुन्छ । विवेकको उज्यालोमा जब व्यक्तिले ठीक र बेठीकको पहिचान गर्न सक्छ, त्यसपछि उसले ठीकलाई अपनाउन थाल्दछ र बल्ल जीवन समुन्नत हुन्छ । हामीले थुर्पै खान नहुने कुरा खाइरहेका छौँ, बोल्न नहुने शब्द बोलिरहेका छौँ, गर्न नहुने काम गरिहेका छौँ । हामीले यसो गर्नुका पछाडि हामीभित्र ज्ञानको अभाव हुन हो, विवेकको दियालो नहुनु हो । ज्ञानको उज्यालोबिना अज्ञानको अँध्यारो कहिल्यै हट्न सक्दैन । दीपावली त्यसैले, ज्ञानको पर्व हो । अँध्यारोले डम्म औँसीजस्ता रातहरू पनि बत्ती बालेपछि दिनमा बदलिन्छन् । सबैतिर बत्ती बल्दा लाग्दछ, उज्यालोका लागि दिनको प्रतीक्षा गर्नुपर्दैन । दीपावलीका समयमा बालिएका बत्तीहरूका कारण मानिस दिन र रातमा फरक छुट्याउन सक्दैन । उसलाई रात नै दिनजस्तो लाग्दछ र दिन नै रातजस्तो लाग्दछ । जब ज्ञानका अनेक दीपहरूले मन उज्यालिन्छ, त्यसपछि हामीलाई दिन र रात उस्तै लाग्न थाल्दछन् । दिन र रातको विभेद पनि मेटिएर जान्छ । हरेक रातहरू दिनमा बदलिन्छन् । व्यक्ति सदा प्रसन्न रहन्छ । तिहारका समयमा जताततै बत्ती बालेर हामीले घर, आँगन र गल्लीहरूसँगै मनलाई पनि उज्यालो बनाइरहेका हुन्छौँ । हामीभित्र अज्ञानको घना अँध्यारो छ, औँसीजस्तो रात छ । त्यसलाई ज्ञानका अनेक दीप प्रज्वलित गरी लखेट्नुछ, टाढा भगाउनुछ । बाहिर बलेका बत्तीहरूको उज्यालोले हामीभित्रको अँध्यारो हटाउन सक्दैनन् । ती त हाम्रा उत्प्रेरक मात्र हुन्, समाधान होइनन् । बाहिर बलेका दीपकहरूबाट प्रेरित भई भित्र पनि दीपावली गर्न सक्नुपर्दछ भन्नु दीपावलीको विज्ञान हो दीपावलीमा बाहिर बालिएका बत्तीहरू आन्तरिक उज्यालोका विम्बहरू हुन्, अन्तस्करणको आनन्दका प्रतीकहरू हुन् । बाहिर बलेका बत्तीहरूले बाहिरका अप्ठ्याराहरू समाप्त पारेजस्तै हामीले पनि भित्र ज्ञानको ज्योति बालेर दुःख, दारिद्रय, अभाव र अप्ठ्याराहरूलाई समाप्त पार्नु छ । बाहिर बलेका बत्तीहरूको उज्यालोले हामीभित्रको अँध्यारो हटाउन सक्दैनन् । ती त हाम्रा उत्प्रेरक मात्र हुन्, समाधान होइनन् । बाहिर बलेका दीपकहरूबाट प्रेरित भई भित्र पनि दीपावली गर्न सक्नुपर्दछ भन्नु दीपावलीको विज्ञान हो । जुन दिन हामी अन्तस्करणमा ज्ञानका अनेक दीपकहरू बाल्ने छौँ, त्यसदिन भित्र र बाहिर सबैतिर एक साथ उज्यालो हुनेछ । बाहिर बलेका दीपकहरू त निभ्न सक्छन्, तर हामीले स्वयम्भित्र बालेका ज्ञानका असङ्ख्य दीप कहिल्यै निभ्नेवाला छैनन् । ती त अखण्ड बलिरहने छन्, र हामीबाट कल्यिै नर्फकने गरी अँध्यारोलाई बिदाइ गर्नेछन् । ज्ञानी र जागृत मान्छेलाई कुनै पनि दुःख, पीडा र अप्ठ्याराहरूले त्यसैले छुन नसक्ने हुन् । त्यसैले दीपावलीमा बालेका हाम्रा बत्तीहरूको ध्यान गर्दागर्दै हामीभित्र पनि ज्ञानको उज्यालो बल्न थाल्दछ । जब अन्तस्करणमा दीपावली हुन्छ, सबै दुःखहरू सुखमा बदलिन्छन्, अशान्तिहरू शान्तिमा बदलिन्छन् र घृणाहरूले पनि प्रेमको उचाई प्राप्त गर्दछन् । दीपावली हामीभित्र प्रवेश गरेर आफूलाई हेर्ने पर्व पनि हो । बाहिर बत्ति बालेपछि जेजे छन्, ती विषयवस्तु देखिएजस्तै भित्रको बत्ती बालेपछि पनि हामीभित्रका अनेक राम्रानराम्रा विषयहरू देखिन्छन् । त्यसपछि हामी नराम्रालाई छोडेर राम्राका पछि लाग्छौँ । त्यसैले, दीपावली स्वयम् दर्शनको पर्व पनि हो । हामी दिन र रातलाई अलग अलग गरेर विश्लेषण गर्न सिपालु छौँ । हामीले दिन र रातलाई जहिलेसम्म अलग बनाइरहने छौँ, तबसम्म हामीभित्र ज्ञानको आलोक पैदा भएको छैन भन्ने कुरा स्पष्ट हुन्छ । अन्तस्करणभित्र ज्ञानको दीपक बलेका हरूका लागि दिन र रात एउटै लाग्दछन् । हामीले दीपावली गर्नुको अर्थ दुःख र सुखको विभेद मेट्नु हो । ज्ञानको उच्चतम अवस्थामा पुगेका मनीषिका लागि दुःख र सुख, प्राप्ति र अप्राप्ति, भाव र अभाव अनि दिन र रात उस्तै लाग्दछन्, फरक होइन । त्यसैले, दीपावली दिन र रातलाई टुक््रयाउने पर्व होइन, जोड्ने पर्व हो, दिन र रातलाई ज्ञानको उज्यालोभित्र एकैसाथ समेट्ने पर्व हो । त्यसैले, आउनुस्, गरौँ धुमधामका साथ दीपावली । मनभित्र र बाहिर चारैतिर प्रशस्त बत्ती बालेर उज्यालो बनाई भित्र पनि त्यसरी नै उज्यालिने प्रयास गरौँ । भित्र अँध्यारो लिएर बाहिर उज्यालिनुको कुनै अर्थ छैन । तपाईँसँग दुःखहरू छन् भने र छन् भने अगणित गुनासाहरू, तपाईँलाई दिन पनि रातजस्तो लाग्न थाल्छ । बाहिरको झलमलमा पनि तपाईँ अलमलमा पर्नुहुन्छ । आज यही त भएको छ । बाहिर अनेक बत्तीहरू बलिरहेर पनि मानिसभित्र अज्ञानको अँध्यारो डम्म छ । यसपटक भने साँच्चै बाहिरजस्तै भित्र पनि उज्यालिने प्रयत्न गरौँ । दीपावलीको विज्ञानलाई आत्मसात गर्ने प्रयत्न गरौँ । प्रकृति, पर्यावरण र तिहार तिहारका बेलामा हामीले कुकुर, काग, गाई, गोरु आदिको पूजा गर्दछौँ । यसको अर्थ ‘यी प्राणीहरू कुनै न कुनैरूपले हाम्रा लागि सहयोगी छन् । त्यसैले, यी घृणित होइनन्, पूजनीय छन् ।’ भन्ने हो । कुकुर, काग, गाईजस्ता पशु मनुष्यका लागि मात्र होइन, समग्र प्रकृतिकै अविभाज्य अङ्ग हुन् । पूर्ण प्राकृतिक सन्तुलन कायम गर्नका लागि पनि हामीले हाम्रा वरपर रहेका कीटपतङ्ग, बोटवनस्पति र पशुप्राणीको रक्षा गर्नुपर्दछ भन्नु तिहारमा यिनको पूजा गर्नुको अर्थ हो । किन यिनलाई भगवानको समकक्षमा राखेर पूजा गर्ने गरियो भन्ने प्रश्न पनि गम्भीर छ । हाम्रो मान्यता के छ भने ईश्वर सर्वत्र छन् । संसारमा यस्तो कुनै वस्तु, व्यक्ति र विषय छैन, जहाँ परमेश्वरको उपस्थिति नभएको होस् । ईश्वर यदि सर्वत्र छन् भने माटो र ढुङ्गोमा पनि छन् । यदि ईश्वर सर्वत्र छन् भने कुकुर र कागमा पनि छन् । यदि ईश्वर सर्वत्र छन् भने तुलसी र वरपीपलमा पनि छन् । यो पनि हामीले तिहारमा पशुपक्षी र जीवजनावरको पूजा गर्नुको अर्थ हो । हामी कति व्यापक रहेछौँ र हाम्रो संस्कार कति संवेदनशील एवम् करुणाप्रधान रहेछ भन्ने कुराको प्रमाण हामीले यतिखेर मनाउँदै गरेको तिहार हो । तिहारका बेलामा घरभित्र, बाहिर र वरपर गरिने दीपावली हाम्रो अर्को महत्त्वपूर्ण उत्सव हो । हामीसँग यदि ज्ञानको धिपधिपे छ भने औँसीको जस्तो दुःख, पीडा र अज्ञानको जतिसुकै सघन अँध्यारो भए पनि त्यो सजिलै हराएर जान्छ । त्यसैले, उज्यालो बालेर भित्र र बाहिरको अँध्यारो हटाउने प्रयास गरौँ भन्नु दीपावलीको विशेष अर्थ हो । तिहार हाम्रा पूर्वजले हामीलाई सिकाएर गएका यस्ता अनेकौँ संस्कारमध्ये एक हो । तिहार धेरै अर्थ र महत्त्व बोकेको पर्व हो । पर्यावरणप्रतिको संवेदशीलता व्यक्त गर्ने पर्वका रूपमा पनि यस पर्वलाई लिइन्छ । हाम्रा पूर्वजहरू यति संवेदनशील थिए कि उनीहरूले ढुङ्गोजस्तो अति कठोर जडवस्तुभित्र पनि अर्थ देखे र भगवान् माने हामी मनुष्य हौँ । हामी सृष्टिका सर्वश्रेष्ठ प्राणी । आफूसँगै प्रकृतिका प्रत्येक सिर्जनालाई श्रद्धा गर्नु हाम्रो धर्म हो । हाम्रा पूर्वजहरूभित्र प्रकृतिप्रतिको सम्मान र निष्ठा उच्च थियो । त्यसैले, उनीहरूले ढुङ्गा, माटो, बोटवनस्पति र जीवजनावर सबैलाई सम्मान गर्नुपर्छ भन्ने संस्कार हामीलाई सिकाएर गएका छन् । तिहार हाम्रा पूर्वजले हामीलाई सिकाएर गएका यस्ता अनेकौँ संस्कारमध्ये एक हो । तिहार धेरै अर्थ र महत्त्व बोकेको पर्व हो । पर्यावरणप्रतिको संवेदशीलता व्यक्त गर्ने पर्वका रूपमा पनि यस पर्वलाई लिइन्छ । हाम्रा पूर्वजहरू यति संवेदनशील थिए कि उनीहरूले ढुङ्गोजस्तो अति कठोर जडवस्तुभित्र पनि अर्थ देखे र भगवान् माने । हाम्रा पूर्वजले ढुङ्गाको पनि अर्थ देखे । कीरा फट्याङ्ग्राले पनि हामीलाई कुनै न कुनैरूपले सहयोग पुर्‍याइरहेका हुनाले तिनको रक्षा गर्नुपर्छ भन्ने चेतना उनीहरूसँग थियो । तुलसी र वरपीपलज&#23",Opinion,Literature,0.8082133,10795,1758
"﻿काठमाडौं चैत्र २ — काठमाडौंबाट प्रकाशित हुने प्रमुख नेपाली दैनिक पत्रिकाको आजको खुराक न्यायालय र संसद्बीचको विवाद र नेपाली कांग्रेसको केन्द्रीय समितिमा नवनिर्वाचित सभापति शेरबहादुर देउवाको बहुमत विषय बनेका छन् । अन्नपूर्ण पोष्ट, कान्तिपुुर र राजधानीले सर्वोच्च अदालतले न्याय परिषद्का पक्षमा अन्तरिम आदेश जारी गरेको विषयलाई समाचार बनाएका छन् । यी पत्रिकामध्ये कान्तिपुरले यस समाचारलाई अलि बढी नै महत्व दिएको छ । समाचार सातै कोलममा छापेको छ भने छ कोलमको ब्यानर हेडलाइन ‘सभामुखको पत्र त्रुटिपूर्ण’ राखेको छ । सर्वोच्च अदालतले गरेको अन्तरिम आदेशलाई नै शीर्षक राख्नु गलत त होइन तर यस विषयमा न्यायालय आफँै मुछिएको हुनाले त्यस्तो हेडलाईन नराख्दा पत्रिका बढी तटस्थ देखिन्थ्यो । कान्तिपुरले यस विषयमा आफ्नो अडान सम्पादकीयबाट पनि राख्दै आएको हो । तैपनि सार्वभौम संसद्लाई एकोहोरो ढंगले नपेल्दा नै संसद्को गरिमा रहन्थ्यो । अन्नपूर्ण पोष्टले यही समाचारको हेडलाइन धेरै संयमित भएर दिएको छ । पाँच कोलमको मुख्य समाचार बनाएर पोष्टले उठाएको कुरा संवेदनशील छ । पोष्टका अनुसार सर्वोच्च अदालतले सभामुख ओनसरी घर्तीको न्यायाधीश नियुक्तिसम्बन्धी सिफारिस फिर्ता गर्ने कदम त्रुटिपूर्णमात्र भनेको छैन, सभामुखलाई लिखित जवाफ दिनसमेत आदेश गरेको छ । अन्य पत्रिकाले यही समाचारमा लिखित जवाफ माग गरेको उल्लेख गरेका छैनन् त्यसैले अन्नपूर्ण पोष्टको समाचार एक कदम अघि छ । किनभने लिखित जवाफ मागिने कुराले संसद् र न्यायालयको विवाद मत्थर हुने हो कि अझ बल्झिने भन्ने प्रश्न खडा गर्छ । राजधानीले पनि ‘सभामुखको पत्र कार्यान्वयन नगर्न आदेश’ भन्ने शीर्षकको समाचार राखेर संसद्–न्यायालयको विवादलाई दोस्रो मुख्य समाचार बनाएको छ । यो दैनिकले पनि हेडलाइनमा आफ्नो झुकाव देखाएको छैन । तर त्यही समाचारमा ‘बक्स आइटम’ बनाएर सभामुख झुकिन् भन्ने शीर्षकमा समाचार बनाएको छ जुन समाचारको पेटबोलीले प्रमाणित गर्दैन । राजधानी पत्रिका आफैँले सभामुख झुकेको घोषणा नगरेको भए समाचार अझ निष्पक्ष हुन्थ्यो । नागरिकले यस समाचारलाई दुई कोलमको मुख्य समाचार बनाएर ठिक्कमात्र महत्व दिएको छ । नागरिकको हेडलाईन ‘सभामुखको कदम ‘गैरकानुनी’ बढी जिम्मेवार देखिन्छ । उसले सर्वोच्चको आदेशको मर्मलाई उद्धरण चिन्हमा राखेर आफूले नबोलेको प्रष्ट पारेको छ । गोरखापत्रले यही समाचारलाई पहिलो पृष्ठको करिब साढे छ कोलमको एन्कर बनाएको छ । देउवाको बहुमत नयाँ पत्रिका दैनिकले देउवाको बहुमतको समाचारलाई आजका दैनिकमध्ये सबैभन्दा ठूलो स्थान दिएको छ । प्रथम पृष्ठमा सात कोलमको ब्यानर हेडलाइनको मुनि बक्स र उपशीर्षकहरूमा नयाँ पत्रिकाले नेपाली कांग्रेसको हिजो सकिएको निर्वाचनका धेरै पाटो केलाएको छ । १५ नयाँ सदस्य, ६४ मा १४ मात्र महिला, ठूला हस्ती जो हारे जस्ता अनेक शीर्षकमा नयाँ पत्रिकाले सशक्त ढंगले समाचार प्रस्तुत गरेको छ । नागरिक दैनिकले पनि देउवा प्यानललाई बहुमत शीर्षकमा पाँच कोलमको ठूलो समाचार बनाएको छ । विजेता केन्द्रीय सदस्यको फोटो पनि पाँचै कोलममा राखेर ¥याप गरिएको सामाग्रीमा कुन प्यानलका कतिजना भन्ने ग्राफिक्स पनि छ । निर्वाचितमध्ये देउवाको पक्षमा ३६ र पौडेलको पक्षमा २८ सदस्य रहेका छन् । राजधानी दैनिकले पनि देउवाको बहुमतको समाचारलाई प्रथम पृष्ठको तल्लो आधा खण्डको पाँच कोलम पूरै दिएको छ र फोटो पनि राखेको छ । राजधानीले खुमबहादुर खड्कालाई ‘किङ मेकर’ को संज्ञा दिएर बक्स समाचार पनि त्यसैमा समाहित गरेको छ । अन्नपूर्ण पोष्टले पनि देउवालाई सुविधाजनक बहुमत भन्ने समाचारलाई मुख्य समाचारको मुनि पाँच कोलममा स्थान दिएको छ । गोरखापत्रले कांग्रेस केन्द्रीय सदस्यको मतगणना सम्पन्न शीर्षकमा प्रथम पृष्ठको तल्लो खण्डको दुई कोलम समाचार बनाएको छ । अन्य सामाग्री गोरखापत्रले राष्ट्रकवि माधव घिमिरेलाई राष्ट्रपति विद्या भण्डारीले मानार्थ महाविद्यावारिधि प्रदान गरेको तस्बिर र समाचार प्रकाशित गरेको छ । यो तस्बिरको चयन एकदम सही छ । राजनीतिक समाचारलाई मात्र महत्व दिँदै आएका दैनिकका लागि यो एउटा उदाहरण पनि हो । तर त्यही गोरखापत्रले प्रमको चीन भ्रमण मन्त्रिपरिषद्बाट स्वीकृत भएको समाचारलाई चार कोलमको मुख्य समाचार बनाएर प्रकाशित गरेको छ, जुन अलि नसुहाउँदो देखिन्छ । नागरिक दैनिकले पनि राष्ट्रकविको समाचारलाई दुई कोलमको एन्कर बनाएको छ र घिमिरेको हाँसेको फोटोसहित स्वादिलो हेडलाइन राखेको छ ‘महाविद्यावारिधि मुस्कान’ । कान्तिपुर र गोरखापत्रले सार्कको परराष्ट्रमन्त्री स्तरीय बैठकको समाचार मध्य भागमा प्रेषित गरेका छन् । नेपालमा भैरहेको मन्त्रीस्तरिय बैठकलाई अरू पत्रिकाले पनि महत्व दिनुपर्ने हो तर दिएका छैनन् । राजधानीले मुख्य समाचारका रूपमा ‘संविधान छल्न ऐनको सहारा’ शीर्षकको समाचारलाई चार कोलम स्थान दिएको छ । सो पत्रिकाअनुसार अदालतको अधिकार कटौती गर्न सबै फौजदारी ऐन संशोधन गरिएको र १० वर्ष कैदलाई एक वर्षमा झारिएको छ । नयाँ पत्रिकाले पनि यो समाचारलाई पहिलो पृष्ठको दाहिने कुनोको एक कोलम स्थान दिएको छ । लेआउट फोटोको प्रस्तुतीकरण र रंगहरुको संयोजनका आधारमा आजको नागरिक दैनिकको लेआउट अन्य पत्रिकाको भन्दा उत्कृष्ट छ । माथिको विजयी कांग्रेसीको फोटो र एन्करमा राष्ट्रकविको मुस्कान सहितको फोटोले नागरिकको लेआउट राम्रो बनेको हो । कार्टुन आजका कार्टुन चित्रमा नागरिकमा रविन सायमीको कार्टुन राम्रो छ तर कार्टुनले व्यंग्य केमा गरेको हो सो बुझाउन पत्रिकाको कटिङ राख्नु उनको कमजोरी हो । पत्रिका प्रयोग नगरी राम्रो कार्टुन बनाउन सकिने उदाहरण कान्तिपुरको अविनको कार्टुन हो । अविनले ल्हारक्यालको गोली र प्रचण्डको बन्दुक खोलाले बगायो भन्ने विषयलाई जोडेर राम्रो व्यंग्य गरेका छन् । सम्पादकीय आजका दैनिकमध्ये सबैभन्दा सशक्त सम्पादकीय नयाँ पत्रिकाले लेखेको छ । नेपाली कांग्रेसको निर्वाचन परिणाम भएको ढिलाइबाट सुरु गरेर नयाँ पत्रिकाले कसरी पारिवारिक विरासत समाप्त भएको भन्दाभन्दै परिवारका नाममा ककस्ले विजय प्राप्तगरे भनेर देखाएको छ । कांग्रेसमा सिद्धान्तको राजनीतिको कुनै मतलब छैन भनेर भयंकर व्यंग्य गर्दै जस्तै अवसरवादीले पनि शक्ति आर्जन गर्न सके दल कब्जा गर्न सक्छन् भनेको छ । लोकतन्त्रमाथि कांग्रेसको ठूलो व्यंग्यको रूपमा खुमबहादुर खड्काको विजयलाई नयाँ पत्रिकाले उदाहरण बनाएको छ । सो सम्पादकीय सशक्त र सत्यताको निकै नजिक छ तर उपल्लो नेतृत्वलाई सिधै भन्न नसकेर खड्काको पृष्ठभूमिको आड लिएर सम्पादकले आफ्ना भनाइ राखेका छन् । अन्नपूर्ण पोष्टले अशोभनीय विवाद भन्दै लेखेको सम्पादकीयमा राज्यका संवैधानिक निकाय बीचको हिलो छ्यापाछ्यापले शक्ति सन्तुलनको मौलिक मूल्यलाई समेत अवमूल्यन गर्छ भनेको छ । तर उक्त सम्पादकीयले सर्वोच्च अदालतको भावी प्रधान न्यायाधीश सुशीला कार्कीलाई न्यायपरिषद्को केवल ४० प्रतिशतले सिफारिस गरेको हुनाले नैतिक प्रश्न उठ्ने कुरोलाई गहिरो ढंगले उठाएको छ । अन्य पत्रिकाका सम्पादकीय खासै उल्लेखयोग्य छैनन् ।",Opinion,Society,0.806729,5799,904
"﻿सुब्बा कार्की रौतहट, ५ पुस : तराई/मधेसमा आन्दोलन चलिरहेको मौका छोपेर बस मालिकहरुले बिमाको रकम लिनका लागि आफैले बसमा आगजनी गर्न थालेका छन् । आइतवार विहानै रौतहटको चन्द्रपुर ८ मंगलपुर स्थित पूर्वपश्चिम राजमार्गमा एक यात्रुबाहक बसमा बसका कर्मचारी आफैले आगजनी गरेर फरार भएको प्रहरीले जनाएको छ । बसमा आगजनी भएपछि प्रहरीले अनुसन्धान अगाडी बढाएको छ । काठमाडौंबाट झापा जादै गरेको ना ४ ख ५१० नम्वरको मितेरी यातायातको बस बन्दको समयमा इन्धन बोक्न प्रयोग हुदै आएको बुझिएको इलाका प्रहरी कार्यालय चन्द्रनिगाहपुरका प्रहरी नायव उपरिक्षक मनोज कुमार यादवले बताए । काठमाडौं इन्धन पुर्याएर खाली फर्किएको बसमा बिहान करिव ४ बजे आगजनी भएको थियो । आगजनी बाट बस पुर्णरुपमा क्षती भएको छ । मंगलपुर गाउ नजिकै आगजनी हुँदा समेत बसका कर्मचारीले स्थानियबासी तथा नजिकै रहेको प्रहरीलाइ खवर नगर्नुले घटना शकास्पद रहेको इलाका प्रहरी कार्यालय चन्द्रनिगाहपुरले जनाएको छ । बसका चालक र कन्टेक्टर बसमा आगजनी भएपछि सम्पर्कमा छैनन् । मितेरी यातायात प्रालिका एकजना मालिक शेखर गुरागाइले बसमा आगजनी भएको खवर पाएको र कर्मचारीहरु सम्पर्कमा नआएको टेलीफोनमा जानकारी दिएका छन् । फरार रहेका बसका चालक र कन्टेक्टरको प्रहरीले खोजी गरीरहेको छ । इलाका प्रहरी कार्यालय चन्द्रनिगाहपुरका डिएसपी मनोज कुमार यादवले बसमा आन्दोलनकारीले नभइ बसका कर्मचारीले नै आगजनी गरेर फरार भएको प्रारम्भिक अनुशन्धानबाट खुलेको जानकारी दिए । बिमाको लोभमा बस जलाइयो",Bank,Politics,0.80366284,1285,205
﻿जिल्ला प्रशासन कार्यालय सप्तरीमा बम राख्ने दुई जनालाई प्रहरीले पक्राउ गरेको छ। प्क्राउ पर्नेमा गौरीपुर–५ का नथुनी यादव र राजविराज–५ का भवानीप्रसाद यादव छन्। गत १२ गते जिल्ला प्रशासन कार्यालय सप्तरीमा प्रेसर कुकर बम भेटिएको थियो। नेपाली सेनाको कृष्णदल गण भलुवाहीको सहयोगमा उक्त बम निष्कृय बनाइएको थियो। शनिबार मलेठ गाविस–५ बाट उनीहरूलाई पक्राउ गरिएको सप्तरी प्रहरी प्रमुख एसपी दिवेश लोहनीले बताए। बम राखिएको खैरो रंगको झोलामा जनतान्त्रिक तराई मुक्ति मोर्चा (क्रान्तिकारी) गोइत समूहको...,Sports,Entertainment,0.8033038,486,73
"﻿‘राजनीति, पत्रकारिता र प्रेमका अतिरिक्त सङ्ग्रहमा वर्तमान सहरिया समाजमा बढ्दै गइरहेको संवेदनहीनतालाई मार्मिक ढङ्गले प्रस्तुत गरिएको छ’, पनेरुले भने, ‘नेपालको वामपन्थी राजनीतिमा देखिएको स्खलनको त उछितो नै काढिएको छ।’ लोकतान्त्रिक नेपालको जीवनशैलीलाई राम्ररी चित्रण गरिएको कृतिमा समावेश गरिएका कथाहरु जुनसुकै वर्गका पाठकले बुझ्ने र गम्भीर भएर सोच्न पार्ने हुनु नै कृतिको मूल शक्ति रहेको समालोचक पनेरुको भनाइ थियो।",Entertainment,Literature,0.80247104,412,58
"﻿कम्प्युटर एशोसिएसन अफ नेपाल (क्यान)ले आफनो संस्थालाई महासङ्घको रुपमा दर्ता गर्न सरकारसँग माग गरेको छ । राजधानीमा आज पत्रकार सम्मेलन गरेर क्यानका अध्यक्ष विनोद ढकालले राष्ट्रिय निर्देशन ऐन, २०१८ अनुसार क्यानलाई महासङ्घको रुपमा दर्ता गर्न सरकारसँग माग गरेका हुन् । उनले क्यान जस्तै अरु संस्था महासङ्घमा दर्ता भइरहेपनि आफूहरुलाई वेवस्ता गरिएकाले सरकारको ध्यानाकर्षण गराउनुपरेकोमा गुनासो गरेका छन् । क्यानले महासङ्घका रुपमा दर्ताका लागि एक वर्षअघि जिल्ला प्रशासन कार्यालय काठमाडौँमा निवेदन दर्ता गराएको र गृह मन्त्रालयमा त्यो फाइल रहेको उनले जानकारी दिए । ऐनअनुसार क्यान महासङ्घको रुपमा दर्ताका लागि निवेदन दिएपनि नियमन निकाय गृहमन्त्रालयले अहिलेसम्म कुनै जवाफ नदिएको अध्यक्ष ढकालले गुनासो गरे । सूचना तथा सञ्चार प्रविधि क्षेत्रमा गएको २२ वर्षदेखि छाता सङ्गठनको रुपमा कार्यरत क्यानमा अहिले ७५ जिल्ला तथा अञ्चल, १० गैरसरकारी संस्था, करिब पाँच हजार व्यवसायी तथा पेसाकर्मी आबद्ध रहेको बताइएको छ ।",Technology,Economy,0.79707795,890,134
ÿþ > . > ! L ,Automobiles,Education,0.7943598,13,6
ÿþ > . > ! L ,Automobiles,Education,0.7943598,13,6
ÿþ > . > ! L ,Society,Education,0.7943598,13,6
"﻿खाडीका जेलमा रहेका नेपालीको तथ्याङ्क उपलब्ध गराउन प्रमको निर्देशन प्रधानमन्त्री पुष्पकमल दाहालले खाडी मुलुकका विभिन्न जेलमा रहेका नेपालीको ठोस तथ्याङ्क दिन परराष्ट्र सचिव शङ्करदास बैरागीलाई निर्देशन दिएका छन् । परराष्ट्र सचिव बैरागीलाई शुक्रबार प्रधानमन्त्री निवास बालुवाटारमा बोलाइ उनले यस्तो निर्देशन दिएका हुन् । वैदेशिक रोजगारीको खोजीमा खाडी मुलुक पुगेका नेपालीले दुःख पाएको, उनीहरूको पेसागत सुरक्षा नभएको तथा जेलमा कष्टकर जीवनयापन गर्न बाध्य भएको समाचार लगातार आएपछि तत्काल समस्याको समाधान गर्न प्रधानमन्त्रीले परराष्ट्र सचिवलाई यस्तो निर्देशन दिएका हुन् । कुराकानीका क्रममा प्रधानमन्त्री दाहालले नेपालीको कष्टकर अवस्था र जेलमा रहेका नेपाली नागरिकको रिहाइका लागि तत्काल पहल गर्न निर्देशन दिएको प्रधानमन्त्रीका स्वकीय उपसचिव मनोहरि तिमिल्सनाले जानकारी दिए ।",Employment,World,0.78141004,762,105
"﻿गौरक्षार्थ झापाको सताक्षीधाममा अष्टोत्तरशत श्रीमद् भागवत गौकथा महोत्सव एवम् धान्याञ्चल पर्व सुरु भएको छ। सामान्य प्रशासन मन्त्री केशवकुमार बुढाथोकी, भारतको गुजरातस्थित गौतमेस्वर महादेव पीठाधीशका पीठाधीश्वर १००८ स्वामप् स्वरुपा नन्दजी मााराज र झापाका गौभक्त उध्योगपति जगदिशप्रसाद मिण्डाले संयुक्त रुपमा गौमहोत्सवको उद्घाटन गरे। यसअघि शिवसताक्षी नगरको झिलझिलेस्थित शिवालय मन्दिरबाट गौसहितको सोभायात्राले माइधारको लक्ष्मीनारायण मन्दिर, माइधाम, चिल्लागढधाम, दुधे, झिलझिले हुँदै सताक्षीधाम परिक्रमा...",Sports,Entertainment,0.77846307,497,59
"﻿बुद्धिसागर, लेखक ‘फिरफिरे किताब यात्रा’ मा पूर्व–पश्चिम घुमेर आउनुभयो । पाठकको प्रतिक्रिया कस्तो पाउनुभयो ?साह्रै राम्रो प्रतिक्रिया पाएँ । जसले मलाई अर्को पुस्तक लेख्ने ऊर्जा दिएको छ । किशोरकिशोरीदेखि वृद्धवृद्धासम्मका कुरा सुन्न पाएँ । उहाँहरूले रुचिपूर्वक फिरफिरे पढ्नुभएको रहेछ । घुम्दाका सबैभन्दा मीठो र तितो क्षणलाई कसरी सम्झनुहुन्छ ? कक्षा नौमा पढ्ने एक पाठक झापामा अठार किलोमीटर साइकल यात्रा गरी मलाई भेट्न आउनुभएको थियो । अर्का एक जनाले अहिले तँ देश घुमेर फिरफिरे बेच्दै छस्, अब अर्को किताब बेच्न तँलाई क्यान्सर लाग्नुपर्छ भनेर साह्रै अमानवीय मेसेज पठाए । उता तपाईं घुमिरहँदा यता समीक्षक हरि अधिकारी आफ्नो अन्तर्वार्तामा ‘फिरफिरे मा तपाईं नराम्ररी फसेको’ आरोप लगाइरहनुभएको थियो, खगेन्द्र संग्रौलाको सार पनि यस्तै थियो, तपाईंको प्रतिक्रिया ? पुस्तक बजारमा आएपछि अनेकथरी पाठकीय टिप्पणी आउँछन् । उहाँहरूले आफ्नो स्वभाव अनुसारको टिप्पणी गर्नु भा’को होला । प्रेममा पो राम्ररी फस्ने हो, घृणामा त नराम्ररी नै फस्ने हो । तर, फिरेफिरे मा तपाईंले फेरि कर्नाली ब्लुज मा जस्तै पीडा बेचेको समीक्षा पनि आएका छन्, बाँसबारीमा मुस्कानको अंश नै थिएन त ? पुस्तकमा त्यति कुरा मात्र छैन । फिरफिरे मैले एउटा ‘रंग’ मा लेखेको हुँ । बाहिरतिर सम्पूर्ण पुस्तक कुन रंगको छ भनेर पनि मूल्यांकन गरिन्छ । मैले उदासीको रंगमा फिरफिरे लेखेको हुँ । हैसियत अनुसार सबैले केही न केही बेचिरहेका छन् । कसैले शक्ति बेचेका छन् भने कसैले क्रान्ति । कसैले सपना बेचेका छन्, कसैले आशा । तर, पीडा कसले किन्दो होला र ? तैपनि मलाई पीडा मात्रै बेच्यो भन्ने आरोप सुन्दा म गम्भीर हुन्छु । बोक्सी युगौंदेखि चलिआएको अन्धविश्वास हो । यस्तो हिंसालाई पीडा मात्रै भनेर बेवास्ता गर्ने ? नेपाली साहित्यमा बोक्सीका नाममा हुने हिंसाबारेको उपन्यास कसले लेखेको छ ? मैले लेखें । लेखक हुनुको दायित्व पूरा गरें । एउटी महिलालाई सारा गाउँले मिलेर दिसा खुवाएर गाउँ निकाला गर्ने, हत्या गर्ने ठाउँमा दशैंतिहार वा अन्य चाडमा कोही नाँच्छन् भने मलाई त्यसको मतलब छैन । म स्वस्थ शरीरभन्दा घाउ लागेको शरीरबारे लेख्न मन पराउँछु । सप्पै कुरा मैले नै लेख्ने हो र ? भनी लेखक उम्कन पनि सक्छन् । तर, यो जवाफ कत्तिको पूर्ण हुन्छ ? एउटै पुस्तकमा सबै कुरा समेट्न सकिंदैन । नत्र एउटै पुस्तक लेखेर मज्जाले निदाए भैगो । सबै कुरा, सबै विषय एउटै पुस्तकमा तानिएर आउँदैनन् र त लेखकहरू अलग अलग विषयका पुस्तक लेखिरहेका छन् । मेरो त उमेरै धेरै छ, लेख्न बाँकी धेरै कुरा छन्, विस्तारै आउँदै जालान् । केही लेखक, समालोचक तपाईंलाई शिल्प, भाषा भएको तर दर्शन नभएको भन्छन्, त्यस्तै हो त ? होइन । फिरफिरे लाई गहिरिएर हेर्नुभो भने त्यसभित्र भोगाइसिर्जित विचार र मौलिक दर्शन छन् । भोगाइबाट आएका दर्शन र विचार छन्, तर कुनै संघ–संस्था र ‘वाद’ हरूबाट ट्याग लगाइएकाहरू तिनमा दर्शन र विचार देख्दैनन् । मलाई विचार र दर्शनको नाममा ‘कोटेसन’ को भारी बोक्न र बोकाउन मन पर्दैन । लेखकका रूपमा तपाईंका कमजोरी के के हुन् ? समीक्षकका कमजोरी के के हुन् ? पाठकको बुझाइको स्तरमा पनि समस्या देखाउन सकिएला ? मेरा धेरै कमजोरी छन् । म ती कमजोरी जित्ने कोशिश गरिरहेको छु । जस्तो कि, बिम्ब र प्रतीक दोहोरिरहने मेरो प्रमुख कमजोरी हो । त्यसलाई सुधारिरहेको छु । समीक्षकहरूले आफूलाई लागेको कुरा राख्नुभएको छ । तर्क गर्नुभएको छ । सबैका आफ्ना तर्क र पठनका ‘टेष्ट’ हुन्छन् । समीक्षाकै समीक्षा त के गर्नु र ? सबै आफ्नो ठाउँमा बेसै छन् । अहिलेका पाठक सचेत छन् र उनीहरूका हातमा सोसल मिडियाको शक्ति छ । सहजै लेखक र समीक्षकका कुरा पत्याउँदैनन् । मलाई लाग्छ, उनीहरू आफै नपढी कुनै पनि पुस्तकबारे निर्णय गर्दैनन् । पछिल्लो समय प्रकाशनगृह व्यावसायिक उद्योग, पुस्तक उत्पादन र लेखक ‘म्यानिक्विन’ जस्तो बनिरहेको तर्कप्रति तपाईं के भन्नुहुन्छ ? यस्ता बर्बराहट लेखकहरूबाटै आएका छन्, धेरैजसो । केही लेखकलाई आफ्नो ‘सत्ता’ गुम्ने पीर भइरहेछ । र, उनीहरू पाठकलाई लहैलहैको पछिलाग्ने अबुझ जमात जस्तो ठानिरहेका छन् । मानौं, शहर शहरमा लेखकले किताब बोकेर गएपछि किन्नेहरूको ताँती लाग्छ । उनीहरू के बुझ्न सकिरहेका छैनन् भने अहिलेका पाठक संसारभरका कुरा पढिरहेका छन् । उनीहरूलाई असल र खराव छुट्याउन आउँछ । ‘बुक टुर’का माध्यमबाट अहिले केही लेखकहरू उपत्यका बाहिर पुगिरहेका छन् । म पनि नेपालका विभिन्न ठाउँमा पुगेर फर्किएँ । राजधानीलाई सर्वेसर्वा ठानेर गजधम्म बसेका लेखकहरूले के बुझ्नु पर्यो भने काठमाडौं बाहिरका पाठक पनि सचेत छन् । अब साहित्यको सत्ता केन्द्र काठमाडौं मात्र रहेन । अचम्म, लेखनबाट आय आर्जन हुन थालेको पीर पनि लेखकहरूलाई नै पर्न थालेको छ । मानौं, लेखक जीवनकालभर अभावमै बसिरहनु र बुढेसकालमा देशले हेरेन भन्दै कुखुरो झैं क्वार्र क्वार्र गरिरहनुपर्ने जीव हो । समय परिवर्तन भइसकेको छ । साहित्यमा समाज परिवर्तनको नुक्खाहरू दिएँ भन्ने, अनि दुईचार साथीभाइ मिलेर गजबको साहित्य आयो भनेर पिठ्यूँ थप्थपाउने जमाना गएजस्तो लाग्छ । अव साहित्यमा उठाएका विषयहरू ‘मास’ मा पुग्न थालेका छन् । साहित्यले उठाएको मुद्दा ‘मास’ ले छलफल गरिरहेका छन् । के यो नराम्रो हो ? पुस्तक बजारमा आयो भन्नेसम्मको जानकारी दिन प्रचार गर्ने हो । चिज गतिलो भएन भने पाठकले ठेगान लगाइहाल्छन् । रत्नपार्कदेखि सिंहदरबारको सत्तासम्मले आफ्नो प्रचार गरिनै रहेका छन् । कसैको घन्टाले ठूलो आवाज निकालिरहेको छ भने कसैकोले सानो । अहिले ‘म्यानिक्विन’ भनिएकाहरू पछि गएर ‘क्विन’ पनि मानिनसक्छन् । तपाईंलाई मन पर्ने र मन नपर्ने लेखक र पुस्तकको केही नाम कारणसहित भन्न सक्नुहुन्छ ? विषयका विविधताले नयनराज पाण्डे, समाजको अद्यावधिक भाषामा खेल्ने शैलीका कारण नारायण वाग्ले, हरेक अनुच्छेदमा कोटेसन जस्ता लाग्ने वाक्य लेख्ने शैलीका कारण विजयकुमार, भाषाको मिठासले अमर न्यौपाने, तिलस्मी लाग्ने शैलीका कारण कुमार नगरकोटी र थोरै तर शक्तिशाली कविताका लागि मनु मन्जिल र रमेश क्षितिज मन पर्छन् । मनुको कविता दुश्मन हाम्रो समयको शक्तिशाली कविता हो । लेखककी स्वास्नी र तोदा बाट आख्यानमा आएका प्रगति राई र उमा सुवेदी पनि मन पर्छन् । मलाई मन नपर्ने लेखक र पुस्तक अरू कसैका प्रिय लेखक र पुस्तक हुन सक्छन् । एउटा लेखकका रूपमा तपाईं छँदै र नहुँदा पाठकले के भनेर सम्झिरहुन् जस्तो लाग्छ ? एउटा लेखक थियो, झिना–मसिना कुरा लेखेर झ्याऊ लगाइरहन्थ्यो । तस्वीरहरूः विक्रम राईहिमालखबर ‘केही लेखकलाई आफ्नो ‘सत्ता’ गुम्ने पीर छ’",Interview,Entertainment,0.77583456,5494,932
"﻿ १६ असोज, काठमाडौं । साझा यातायातले काठमाडौं-लुम्बिनी र काठमाडौं-वीरगञ्जका लागि पनि बस सेवाको घोषणा गरेको छ । पहाडी जिल्ला बाग्लुङ र गोरखामा बस सेवा सुरु गरेको दिनमै साझा तराई मधेस र्झन लागेको हो । वीरञ्जका लागि छुट्ने बस आगामी बुधबारदेखि सेवा थाल्ने छ भने बिहीबारदेखि लुम्बिनीसम्म पुग्ने बस सञ्चालनमा आउने छ । दुबै रुटमा चल्न २/२ वटा बसले रुट अनुमति पाएका छन् । काठमाडौंबाट वीरगञ्जका लागि छुट्ने साझा बस नारायणगढ हेटौंडा हुँदै जानेछ । लुम्बिनी जाने बस भैरहवा हुँदै सञ्चालन हुने पाण्डेयले बताए । बिहान काठमाडौंबाट बस छुट्दा वीरगञ्ज र लुम्बिनीबाट पनि त्यही दिन एउटै समयमा काठमाडौंका लागि बस छुट्ने छ । यातायातका निमित्त प्रमुख कार्यकारी अधिकृत महेन्द्रराज पाण्डेयले साझाका बसले तराईका जिल्लमा पनि बस सेवा विस्तार गर्न लागेको बताए । साझाले एक दशकपछि आइतबारबाट लामो रुटमा फेरि बस सेवा सुरु गरेको छ । आइतबार विहानदेखि साझाले बाग्लुङ र गोरखमा बस सेवको औपचारिक शुभारम्भ गरेको थियो । यो पछि अब पूर्वी जिल्लादेखि सुदूरपश्चिमसम्म बस सेवा विस्तारका लागि साझाले प्रयत्न जारी राख्ने पाण्डेयले बताए । साझाले ३० वटा नयाँ बस भित्र्याएपछि लामा रुटमा बस चलाउन सुरु गरेको हो ।",Automobiles,Economy,0.77384573,1059,179
"﻿नयाँ सत्ता–समीकरणको कारण चिनियाँ राष्ट्रपति सि जिनपिङको भ्रमण हुनसकेन भने नेपालको आर्थिक विकासको लागि दुर्भाग्यपूर्ण हुनेछ। प्रधानमन्त्री खड्गप्रसाद ओलीको ९ महीने सरकार विघटन भएर माओवादी केन्द्रका अध्यक्ष प्रचण्डको नेतृत्वमा ९ महीने सरकार बन्ने खुशियाली पेरिसडाँडा र बूढानीलकण्ठमा देखिन्छ। यो अवस्थामा नयाँ सत्ता–समीकरणबाट देशलाई के हित हुन्छ भन्ने बहसको सान्दर्भिकता देखिंदैन। पार्टी र तिनका नेतालाई पुग्ने नाफा–घाटाको समीक्षा भने रुचिको विषय हुनसक्छ, अहिलेको नेपालमा। घाटा–नाफाको राजनीति सत्ता गठबन्धनको रस्साकस्सीबीच राजधानी काठमाडौंमा भएका दुई वटा फरक घटनाले अचानक जनमानस तरंगित भयो। पहिलो, टिचिङ अस्पतालको सानो कोठाभित्र अनशन बसेर पटक–पटक नेपाली राजनीतिलाई नैतिक सन्देश प्रवाह गरिरहेका डा. गोविन्द केसीको माग सम्बोधन गराउन नेपाली कांग्रेसका युवा नेता गगन थापा र धनराज गुरुङले पहल लिएको देखियो। यो अद्भुत र आश्चर्यलाग्दो नैतिक शक्ति कांग्रेसमा अझै जीवित रहेछ! सत्याग्रही गोविन्द केसीसँग जोडिनु भनेको स्वास्थ्य क्षेत्रको विकृति–विसंगति सुधारमा मात्र सीमित रहेन। डा. केसीको अनशन नेपाली राजनीतिमा नैतिकता फर्काउने अभियानको रूपमा अगाडि आएको छ। दोस्रो घटना– विप्लव समूहका माओवादी कार्यकर्ताहरूले बालबालिका सवार स्कूल बसमा पेट्रोल छर्केर आगो लगाए। राजधानीमै गरिएको यो आगजनीमा केही बालबालिका घाइते भए। विप्लव माओवादीले शुरू गरेको यो अराजक घटनाको डरलाग्दो रूप थियो। यी दुई घटनाले भावी दिनमा नेपाल कुन बाटो हिंड्छ भन्ने अनुमान लगाउन कठिन भएको छ– अनशनकारी डा. केसीको सत्य, अहिंसा र प्रेमको बाटो कि हिंसा, आगजनी र घृणाको विप्लवमार्ग। कामना गरौं, नेपाली राजनीतिले डा. केसीको बाटो अवलम्बन गर्नेछ। एकैदिनका यी दुई घटनाले गणतन्त्र नेपालको राजनीतिमा चुनौती र अवसर देखाएको छ। देशको दीर्घकालीन राजनीतिलाई प्रभावित पार्ने यी घटना बुझने र तदनुरूप सोच निर्माण गर्ने तयारी दलहरूमा अहिले देखिंदैन, नेपाली राजनीति अल्पकालमा रुमलिएको अर्थात् छिटो–छिटो सत्ता गठन–विघटनमा रमाएकोले। यो प्रक्रियामा पार्टी र नेताहरूलाई घाटा–नाफा के भयो भन्ने जोडघटाउमा व्यस्त छ, नेपाली राजनीति। नयाँ गठबन्धनको अवसर नेपालमा गत तीन दशकमा २३ वटा सरकार बने। नेपाल राजनीतिक रूपले कति अस्थिर र आर्थिक रूपले किन विपन्न छ भनी बुझन यो तथ्यांक काफी छ। राजतन्त्र, अल्पतन्त्र, भीडतन्त्र, अराजकतन्त्र हुँदै नेपाल गणतन्त्रमा प्रवेश गरेको एकदशक भयो। गणतन्त्र नेपालमा पनि एकदर्जन जति सरकार बनिसकेका छन्। गणतन्त्रमा व्यक्ति दोहोरिएर प्रधानमन्त्री हुने क्रम शुरू भएको छ। प्रधानमन्त्रीमा कांग्रेसबाट माओवादी केन्द्रका अध्यक्ष दाहाल प्रस्तावित छन्। कुनै विघ्नबाधा नभए उनी गणतन्त्र नेपालमा दलका नेताहरूको प्रधानमन्त्रीत्व एकफन्को पूरा भएर दोहोरिने क्रम शुरू हुनेछ। संसद्को सबभन्दा ठूलो दल नेपाली कांग्रेसलाई कम्युनिष्ट गठबन्धनको सरकार विघटन गर्नुपर्ने दबाब थियो। देशको आन्तरिक राजनीतिलाई सन्तुलनमा राख्नमा मात्र सीमित नभई अन्तर्राष्ट्रिय रूपले पनि यस्तो दबाब थियो भनी बुझन सकिन्छ। देउवा नेतृत्वको कांग्रेस यसमा अहिले सफल झैं देखिन्छ। संविधान निर्माणमै विरोधमा उत्रिएका मधेशका क्षेत्रीय दलहरू ओली सरकारसँग रुष्ट थिए। प्रम ओलीले मधेशी अधिकार आन्दोलनको विरोधमा पहाडी राष्ट्रवाद उछालेर मूठभेड निम्त्याएको उनीहरूको आरोप छ। उनीहरूलाई देउवा–दाहाल गठबन्धनले आन्दोलन छाडेर सत्तामा सहभागी हुने अवसर दिएको छ। लामो समयदेखि मधेशमा चलेको ‘सेक्टोरल मूभमेन्ट’ लाई यसरी सत्ताबाट सम्बोधन गर्ने सम्भावना बढेको छ। मधेश आन्दोलनले निकास पाएमा देउवाको उँचाइ त बढ्छ नै, नयाँदिल्ली पनि खुशी हुनेछ। देउवा र ओलीको साख नेपालको संविधानले अबको १८ महीनामा तीन वटा निर्वाचनको व्यवस्था गरेको छ। यी तीनै वटा निर्वाचन ओली सरकारले गराउँदा र बृहत् कम्युनिष्ट एकताले निरन्तरता पाउँदा नेपाली कांग्रेसको स्थिति दयनीय हुनसक्थ्यो। यस अर्थमा, सभापति देउवाले कम्युनिष्ट गठबन्धन भत्काएर ठूलो बाजी जितेका छन्। यसबाट कांग्रेस पार्टी ‘रिचार्ज’ हुनसक्छ। कांग्रेसले अढाइ दशकमा एउटा स्थानीयबाहेक कुनै निर्वाचनमा कम्युनिष्ट नेतृत्वको सरकारमार्फत जानुपरेको छैन। केही साता अगाडि सत्ता–समीकरणको सन्दर्भमा कांग्रेस सभापति देउवा दाहालबाट ठगिएका ‘हुस्सू नेता’ झैं भएका थिए। अहिले दाहालसँगको गठबन्धनले साकार रूप लिन खोज्दा देउवाको राजनीतिक प्रभाव बढेको छ। योग्यतामा उठ्ने प्रश्नलाई उनले निष्प्रभावी बनाएका छन्। देउवाले कमजोर व्यक्तित्व र निष्प्रभावी संगठन भएको माओवादी केन्द्रका नेता दाहाललाई सत्ताको साँचो सुम्पिएर नेपालको कम्युनिष्ट आन्दोलनको मूलप्रवाह एमालेलाई सत्ताच्यूत गर्न सक्नु चानचुने कुरा होइन। यसबाट कांग्रेसलाई रणनीतिक, आन्तरिक र बाह्य राजनीतिमा अल्पकालीन फाइदा भएको छ। देउवाले पनि कांग्रेस पदाधिकारी र सरकारमा पठाउने व्यक्तिहरूको तालमेल मिलाएर पार्टीमा आफ्नो वर्चश्व बढाउने अवसर पाएका छन्। ओली नेतृत्वको सरकार विस्थापित गर्ने निर्णयको औचित्य पुष्टि गर्ने चुनौती पनि देउवाकै भागमा छ। हेक्का रहोस्, सत्ताच्यूत हुने बेलामा विवादास्पद क्रियाकलापहरू गरे पनि आम नेपालीबीच लोकप्रिय प्रधानमन्त्री हुन्, ओली। राष्ट्रवादको कुरा होस् या चीनसँग भएका सम्झौता–समझ्दारीका प्रसंग, नेपालीहरू अझै पनि ओलीको प्रशंसा गर्छन्। त्यसमाथि, ओली नेतृत्वको सरकार असफल भएर होइन, माओवादी केन्द्रका अध्यक्ष दाहालको मनोवैज्ञानिक त्रास, चञ्चले स्वभाव र प्रधानमन्त्री हुने महत्वाकांक्षाका कारण गिरेको हो। तर, प्रम ओलीले दाहालको समर्थन गुमेपछि हडबडाएर राज्यको ढुकुटी दुरुपयोग, जथाभावी नियुक्ति र निर्णयहरू गरेर एमालेको साख गिराए। अल्पमतमा परेपछि पनि संसदीय गरिमा सुहाउँदो व्यवहार देखाएको भए नयाँ सत्ता गठबन्धनमाथि उनको नौ महीने कार्यकाल र असैद्धान्तिक रूपमा सत्तामा नटाँसिने शैलीको ठूलो नैतिक–राजनीतिक दबाब पर्ने थियो। जनताले राष्ट्रिय संकटमा एमालेतर्फ हेर्थे। तर, ओली यहाँ चुके, एमाले पार्टीको साख घट्यो। कच्चा खेलाडी सत्तामा नहुँदा पनि आगामी तीन वटा निर्वाचनमा एमालेले बाजी मार्ने डर कांग्रेस र माओवादी केन्द्रमा छ। यी दुई दलको गुमेको आत्मविश्वास बढाउन पछिल्ला दिनमा ओलीले गरेको अराजनीतिक हर्कतलाई एमाले पार्टी पंक्तिले ‘नोटिस’ गरेको हुनुपर्छ। एकछिन सोचौं– ‘भद्र सहमति’ अनुसार ओलीले सरक्क दाहाललाई सरकारको नेतृत्व दिएको भए के हुन्थ्यो होला, नेपालको कम्युनिष्ट आन्दोलन। यस दृष्टिबाट हेर्दा ओलीको ‘अभद्रता’ कै कारण एमाले नेपालको पहिलो दल हुने अवसरबाट विमुख भएको देखिन्छ। ओलीले ‘अभद्र व्यवहार’ मात्र देखाएनन्, विगतमा ‘प्रभु’ भन्दै भारतलाई सत्तोसराप गर्ने उनै दाहालको देखासिकी गर्दैछन्, आफ्नो नेतृत्वको सरकार ढाल्ने खेल दक्षिणबाट भएको भन्दै। यस्तो व्यवहारले एमाले पनि संसदीय लोकतन्त्रको कच्चा खेलाडी सावित हुनेछ, देश–विदेशमा। माओवादी केन्द्र अब कार्यकर्ता र जनताको राजनीति गर्ने थलो रहेन। यो पार्टी अध्यक्ष दाहाल र उनको गुटको उछलकुद गर्ने अखडामा सीमित भएको छ। एमालेेसँगको सत्ता गठबन्धन भत्काएकोले मात्र दाहालको नेतागिरीलाई ‘उछलकुद’ भनेको होइन। विगतमा उनले ३० दलीय गठबन्धन तोडे। एक दशकमा उनको पार्टी एकदर्जन टुक्रामा विभाजित भयो। ‘जोखिम मोल्न सक्ने नेता’ दाहाललाई कसैले विश्वसनीय भनेर भरोसा गर्न छाडेका छन्। उनी भावी प्रम भएर पनि देशको राजनीति हार्दैछन्। ‘माओवादी केन्द्रको भविष्य धरापमा छ’ भन्ने उनको स्वीकारोक्ति सही छ। मधेशवादी पार्टीहरूलाई काठमाडौंको टुँडिखेल फाप्ला जस्तो छ। अधिकार र अवसरको लडाइँमा मधेशी जनताले साथ दिए पनि दलहरू विभाजित छन्। उनीहरूबीच आपसी विश्वास र स्वस्थ प्रतिस्पर्धा छैन। ‘ज्यादा जोगी मठ उजाडे’ भने जस्तो भएको छ। देउवा–दाहाल नयाँ सत्ता गठबन्धनले आन्दोलनबाट थकित उनीहरूलाई राहत हुने लक्षण देखिएको छ। अब उनीहरू ‘ओलीको बहिर्गमन नै आन्दोलनको उपलब्धि’ भन्दै रमाउन र सत्ताको मोलतोलमा लाग्न सक्ने छन्। त्यो अवस्थामा मधेशी जनताले भने नयाँ नेता खोज्न सक्ने संभावना बलियो छ। त्यस्तो संभावनाको खोजीका क्रममा तराई–मधेशमा उग्र–अराजक ‘नेता’ हरू स्थापित हुने संभावना पनि बलियो हुन्छ। मधेशी युवा राज्यसँग आक्रोशित रहेकाले थप आन्दोलन र अराजकताको संभावना कम छैन। त्यसो हुन नदिन नयाँ सत्ता समीकरणमा तराईको सहभागिता ‘कस्मेटिक’ होइन, सार्थक किसिमको हुनुपर्छ। मूलधारका खासगरी कांग्रेसले मनसुन पछि तराईमा व्यापक राजनीतिक परिचालन गर्नुपर्नेछ। लोकतन्त्र र समृद्धिकांग्रेस, एमाले, माओवादी केन्द्र र मधेशवादी दलहरू गणतन्त्र नेपालका राजनीतिक खेलाडी हुन्। लोकतान्त्रिक परिवर्तनका वाहक पनि यिनै हुन्। संविधानसभाबाट जारी संविधानको आधारभूत मान्यतासँग यी चारै शक्तिको विश्वास छ। ‘संविधान अपुरो छ’ भन्ने मधेशवादीहरूको ‘रिजर्भेशन’ लाई बाँकी तीन दलले स्वीकारेका छन्। नेपाली राजनीतिमा नयाँ सत्ता–समीकरणको अभ्यास कुनै अनौठो खेल होइन। नेपाली जनता यसमा अभ्यस्त भइसकेका छन्। यस्ता राजनीतिक क्रियाकलाप शान्तिपूर्वक र संविधान अनुसारै अगाडि बढिरहेका पनि छन्। सत्ताको खेलभन्दा माथि ध्यान दिनुपर्ने कुरा चाहिं चिनियाँ राष्ट्रपति सि जिनपिङको प्रस्तावित नेपाल भ्रमण हो। भावी प्रम पुष्पकमल दाहालको बोली–व्यवहार कूटनीतिक मर्यादा विपरीत जानसक्नेतर्फ कांग्रेस सजग रहोस्। जश एमालेलाई पनि दिंदै चिनियाँ राष्ट्रपतिको भ्रमण गराउन सफलता मिलोस्। कसलाई नाफा, कसलाई घाटा?",Opinion,Interview,0.768762,7891,1131
"﻿संसदको कृषि तथा जलस्रोत समितिका अनुसार सरासर अघि बढाइने भनिएका कतिपय जलविद्युत आयोजनाहरुको निर्माण गर्ने विषय र निर्माणको प्रकृतिको बारेमा उर्जा मन्त्री र उर्जा सचिवका विचमा मतभेद रहेको पाइएको छ। सरकारले नै सर्वाधिक महत्वको आयोजना भन्ने गरेका पश्चिमसेती, नलसिंङगाढ, बुढीगण्डकी र इन्द्रावति जलविद्युत आयोजनाका काम अघि बढेको नदेखिएको हो।ति आयोजनाहरुको निर्माणका सम्वन्धमा सबै दलहरु एक भएको बेला पनि काम अघि बढन नसक्नुलाई समितिले दु:खद भनेको छ। उर्जा मन्त्रालयले कृषि तथा जलस्रोत समितिमा बुझाएको प्रगति प्रतिवेदनमा निर्माणका सम्वन्धमा न्युनतम पनि काम नभएको पाइएको समितिका सभापति गगन थापाले बताए। कामलाई अगाडी बढाउनुको साटो पश्चिमसेती र ईन्द्रावती आयोजना बनाउने कि नबनाउने भन्ने दोधारमै सरकार भेटिएको उनले बताए। एउटा छुट्टै समिति बनाएर निर्माण कार्य शुरु गर्ने भनिएको बुढीगण्डकी र नलसिंङगाढ आयोजनालाई कसरी अघि बढाउने भन्ने बारेमा समेत मन्त्री र सचिवकाबीचमा फरक फरक मत पाइएको सभापति थापाको भनाइ छ। ती चारवटै जलविद्युत आयोजना कसरी निर्माण गर्ने भन्ने विषयमा मन्त्रालय नै अन्यौलमा रहेको उनले बताए। & बनाउने सर्वोच्च निकाय मन्त्रालयको मन्त्री र सचिव आफै आयोजना कसरी बनाउने, यसको ढाँचा के हुने भन्ने सन्दर्भमा समेत संसद जस्तो जिम्मेवार ठाँउमा आएर हामी यसरी गर्छौ भनेर प्रष्ट धारणा राख्ने अवस्थामा त हुनहुन्न भने त्यसबाट कुनै विश्वास गर्ने आधार त देखिदै-देखिदैन।& ति सबै आयोजनाबाट २५ सय मेगावाट भन्दा बढी विद्युत उत्पादन हुने बताइएको छ। विगतमा एउटा राजनीतिक दलले निर्माण गर्न खोज्दा अर्को दलले विरोध गर्ने गरेका थिए। तर हाल सबै दलहरु यी आयोजनाहरुको निर्माणका लागी एकैठाँउमा भएका बेला निर्माण गर्न नसके पछि पछुताउनु पर्ने समितिको भनाइ छ। देशमा जलविद्युतको निर्माणको कामले गति लिएको बताउने गरेका प्रधानमन्त्री सुशील कोईराललाई समेत बोलाएर यी आयोजनाका विषयमा छलफल गर्ने तयारी भैरहेको कृषि तथा जलस्रोत समितिले बताएको छ।",Education,Economy,0.76857454,1705,263
﻿फाइल तस्वीर विनाशकारी भूकम्पको एक वर्षपछि विद्यालय पुनःनिर्माणको औपचारिक शुभारम्भ भए पनि यो वर्षका लागि विद्यमान अस्थायी सिकाइ केन्द्रको स्तरोन्नतिमा चित्त बुझाउनुपर्ने भएको छ। क्षतिग्रस्त विद्यालयमा नयाँ पक्की भवन निर्माणका लागि ढाँचा तयार भए पनि रकम निकासा हुन बाँकी रहेको तथा त्यस्ता भवन बनाउन केही वर्ष लाग्ने भएकाले त्यस अवधिमा अस्थायी सिकाइ केन्द्रमै विद्यार्थीले पढ्नुपर्नेछ। संयुक्त राष्ट्रसङ्घीय बालकोष (युनिसेफ) को तथ्याङ्कअनुसार भूकम्प प्रभावित क्षेत्रका १६ लाख बालबा...,Entertainment,Sports,0.7637592,482,67
﻿धवलागिरि अञ्चलकै जेठो विद्यामन्दिर पुस्तकालयको संस्थागत विकासका लागि फेसबुकका माध्यमबाट तीन लाख रुपैयाँभन्दा बढी रकम सङ्कलन भएको छ । तीन महिनाअघि ‘एक व्यक्ति एक हजार’ अभियान चलाएको पुस्तकालयले हालसम्म तीन लाख १० हजार पाँचसय २१ रुपैयाँ उठेको जनाएको छ । विसं २००३ सालमा स्थापित पुस्तकालयले सामाजिक सञ्जाल फेसबुकमार्फत अभियानको प्रवद्र्धन गरिरहेको छ । १० लाख रुपैयाँको संस्थागत विकास कोष खडा गर्न आर्थिक अभियान चलाइएको पुस्तकालयका अध्यक्ष राजेशचन्द्र राजभण्डारीले बताए। ‘एक व्य...,Sports,Entertainment,0.7591334,478,71
ÿþ,Literature,Bank,0.755091,2,1
ÿþ,Agriculture,Bank,0.755091,2,1
ÿþ,Literature,Bank,0.755091,2,1
ÿþ,Business,Bank,0.755091,2,1
ÿþ,World,Bank,0.755091,2,1
"﻿क्रिकेटमय वर्ष हामीले धेरै अघिदेखि देखेको एउटा सपना पूरा भएको छ, राष्ट्रिय क्रिकेट टिमका कप्तान पारस खड्काको यो प्रतिक्रियाले देखाउँछ, वर्ष २०७४ नेपाली क्रिकेटका लागि मात्र होइन, समग्र नेपाली खेलकुदका लागि कस्तो रह्यो ? साँच्चै वर्ष २०७४ पूर्णत: क्रिकेटमय रह्यो र यही कारणले यो वर्षलाई सम्झिनेछ । यो वर्ष नेपाली क्रिकेटमा ठूलो सफलता र अवसरका रूपमा अगाडि आएको छ र त्यो हो— अन्तर्राष्ट्रिय क्रिकेट काउन्सिल (आईसीसी) बाट वान डे टिमको मान्यता ।",Blog,Sports,0.74538845,441,72
"﻿ १९ मंसिर, काठमाडौं । कोलम्बिया विश्वविधालयका प्राध्यापक जेफ्री डी. साच्सले परिवारसहित चन्द्रागिरी हिल्सको अनौपचारिक भ्रमण गरेका छन् । चन्द्रागिरी हिल्स काठमाडौं आर्थिक विकास र गरिबीबिरुद्धको लडाईका ज्ञाता भनेर चिनिने अमेरिकन अर्थशास्त्री साच्सले चन्द्रागिरी हिल्सको आगन्तुक पुस्तिकामार्फत शुभकामना ब्यक्त गर्दै चन्द्रागिरीमा निर्माण भएको एकीकृत पर्यटकीय पूर्वाधारबाट आफू अत्यन्तै प्रभावित भएको उल्लेख गरे । यस्तो अनुपम पर्यटकीय सम्भावना भएको क्षेत्रलाई नेपाल लगायत विश्वका पर्यटकहरुको पहुँचमा ल्याउन सफल भएकोमा साच्चले कम्पनीका अध्यक्ष चन्द्रप्रसाद ढकालमार्फत सबैलाई धन्यबाद ज्ञापन गरे । आगन्तुक पुस्तिकामा हस्ताक्षर गर्दै साच्सले नेपाल र नेपालीको सुख, शान्ति र समृद्विको कामना व्यक्त गरे । विश्वविख्यात हावर्ड विश्वविद्यालयमा ३० वर्ष प्राध्यापनको अनुभव संगालेका साच्स संयुक्त राष्ट्र संघ ‘सह्रशताब्दी विकास लक्ष्य’ का विशेष सल्लाहकार थिए । साच्सले संयुक्त राष्ट्र संघका पुर्व महासचिवद्वय कोफीअन्नान र वानकिमुनको कार्यकालमा यो जिम्मेवारी सम्हालेका थिए ।",Tourism,World,0.7393735,955,128
"﻿ १ असोज, पोखरा । पोखरा र लेखनाथ हुँदै बग्ने सेती नदीको किनारमा रिसोर्ट सञ्चालनमा आएको छ । स्थानीय युवाहरुको एक समूहले लेखनाथ-१७ भरतपोखरीको बागमारास्थित कस्यारमा साढे २ करोड खर्चेर ‘सेती रिभरसाइड रिसोर्ट’ सञ्चालनमा ल्याएको हो । पोखरादेखि १३ किलोमिटर र लेखनाथबाट मात्र दुई किलोमिटरको दुरीमा यो रिसोर्ट पर्छ । पोखराको विरौटाबाट आँखा अस्पताल, दोबिल्ला, भरतपोखरी बरेलीचोक हुँदै रिसोर्ट पुग्न सकिन्छ भने लेखनाथको आदर्शचोकबाट दक्षिण पट्नेरी हुँदै रिसोर्ट पुग्न सकिन्छ । तलतिर कलकल बगेको सेती नदी, माथितिर डाँडा, त्यहि डाँडा र नदीको बिचको ओडारमा रिसोर्ट । एकान्त ठाउँ, मनोरम दृश्य, शान्त परिवेश ‘सेती रिभरसाइड रिसोर्ट’को प्रमुख विशेषता हुन् । अर्गानिक खानपिन यसको अर्को सबल पक्ष हो । यो रिसोर्टमा आफैले पालेको लोकल खसी/बोकाको मासु, लोकल कुखुराको झोल, अनि आफ्नै कुषि फार्मबाट उत्पादित दुग्धजन्य पदार्थ प्रयोग गरिने सञ्चालक तथा रिसोर्टका अध्यक्ष सरोज अधिकारीले बताए । उनले थपे,-‘भरतपोखरी तरकारीको लागि प्रख्यात पनि छ, यहाँको तरकारी पोखरा र लेखनाथमा पुग्ने गर्छ, हामी यहाँ उत्पादित अग्र्यानिक तरकारी रिसोर्टमा प्रयोग गर्छौं, यसले हामीलाई पनि सजिलो हुन्छ, कृषकलाई पनि फाइदा हुन्छ ।’ रिसोर्टको बिचबाट बगेको पानीमा माछा पनि उत्पादन हुन्छ । सो माछा ग्राहकको अर्डर अनुसार पकाएर खुवाउने व्यवस्था हुने अधिकारीको भनाई छ । करीब २० रोपनी क्षेत्रफलमा फैलिएको रिसोर्टमा स्थानिय सरोज अधिकारी, पदमराज पौडेल, बिरेन्द्र बानिया, नारायणप्रसाद भण्डारी, भुपालबहादुर थापा, अस्मित सुवेदी र भीमबहादुर बानियाको लगानी छ । सञ्चालक अधिकारी कामना विकास वैंकको पूर्व जागिरे हुन् । उनले जागिर छाडेर व्यवसाय गर्न थालेका हुन् । भीमबहादुर, बिरेन्द्र, भुपाल र नारायण बैदेशिक रोजगारीबाट फर्केर व्यवसायमा संलग्न छन् । यसअघि सौराहामा पनि यो समूहका २ जनाले नदी किनारमै खोलेको रिसोर्ट राम्रोसँग चलेपछि स्थानीय ठाउँमा खोल्ने योजना बनेपछि त्यसले मूर्त रुप पाएको अधिकारीले बताए । आन्तरिक पर्यटकलाई लक्षित गरेर खोलिएको यो रिसोर्टमा ५ वटा भिल्ला छन् भने ७ वटा कटेज । भिल्लाको नाम नेपालका चर्चित गण्डकी, कोशी, कणर्ाली, मेची र महाकाली नदीको नाममा राखिएको छ । कटेज भने लेखनाथका सात तालहरु बेगनास, रुपा, खास्टे, मैदी, दिपाङ, न्यूरेनी र गुँदेको नाममा राखिएको छ । बन्ने क्रममा रहेको कन्फरेन्स हलको नाम पोखराको फेवतालको नामबाट राख्ने सोचमा रहेको अध्यक्ष अधिकारीले बताए । भिल्लामा छुट्टाछुट्टै कोठाहरु छन् । रिसोर्टमा कुल १६ वटा कोठा छन् । रिसोर्टमा ४ वटा डबल बेड र १२ वटा सिंगल बेड रहेको अधिकारीले जानकारी दिए ।रिसोर्टको मूख्य आकर्षण भने बाघमारा केभ हो । बाघ लुक्ने ठाउँ मानिने ओडारमा बाघमारा केभ नाम दिइएको ओडारमा बसेरै पर्यटकले खाना/खाजा सक्छन् । जसको माथि स्लेट र ठूलो ढुङ्गा अनि पहाड छ भने त्यहाँ माथिबाट पानी रसाइरहन्छ । आन्तरिक पर्यटक लक्षित रिसोर्ट भएपनि बाह्य पर्यटकको बसाई लम्ब्याउन पनि रिसोर्ट सहयोगी हुने सञ्चालकहरुको विश्वास छ । सँधैको तनाव, कोलाहल, बाजागाजा अनि रमझम, योबाट टाढा गएर एकान्त र शान्त खोज्नेका लागि यो रिसोर्ट उपयुक्त हुने अर्का सञ्चालक पदमराज पौडेल बताउँछन् । सँधै लेकसाइड वा सराङकोट मात्र हैन अलि टाढा एकान्त खोज्ने बिदेशी पर्यटकको यो रिसोर्ट रोजाईमा पर्न सक्छ, यदि त्यस्तो भयो भने पर्यटकको बसाई पनि लम्ब्याउन सकिने उनको धारणा छ । आन्तरिक पर्यटक लक्षित भएकाले यो रिसोर्टको बसाई कम खर्चिलो पनि हुने सञ्चालकहरुको दाबी छ । पर्यटकले एक रात बसेर बेलुकाको स्न्याक्स, डिनर र विहानको ब्रेकफास्टको प्याकेजमा एक हजार ५ सय पर्ने अधिकारीले बताए । प्याकेजमा आए छुटको व्यवस्था रहेको उनले जानकारी दिए ।",Tourism,Economy,0.7333945,3154,509
"﻿ बीपीका लागि जस्तोसुकै त्याग गर्न तयार हुने डा. गिरी राजा महेन्द्रको शक्ति आर्जन गर्ने गुप्त योजनाका शिखण्डी बनिसकेका थिए । पहिले बीपीलाई स्थापित गर्न मरिमेट्ने उनै गिरी जुनसुकै उपायबाट बीपीलाई राजीनामा गर्न लगाउने रणनीति बनाउन थाले । राजाको चाहना बीपीलाई हटाएर सुवर्णलाई ल्याउने थियो । गिरी भन्छन्, “परिस्थिति यस्तो बन्यो कि मैले नै बीपीलाई राजीनामा गराउन लाग्नुप¥यो ।” यस्तैमा एक दिन गिरीले बीपीसँग भने, “सान्दाइ, परिस्थिति ठीक छैन, अब तपाईंले राजीनामा गर्नुपर्छ ।” प्रत्युत्तरमा बीपीले भने, “डाक्टर, तपार्इंको जजमेन्ट ठीक भएन ।” गिरी, “तपाईंलाई प्रधानमन्त्री बनाउन्जेल मेरो जजमेन्ट ठीक । आज प्रधानमन्त्री छोड्नुुस् भन्दा बेठीक । म तपाईंसँग बसेर काम गर्नै सक्तिनँ ।” प्रधानमन्त्रीसँग छुट्टिएका गिरीले राजीनामा लेखेर आफ्ना पीए सुशील कोइराला (पछि नेपाली कांग्रेसका अध्यक्ष्य र प्रधानमन्त्री) का साथमा बीपीकहाँ पठाइदिए । राजीनामामा गिरीले लेखेका थिए, “यो मेरो आखिरी सहयोग हो तपाईंलाई ।” त्यति नै बेला प्रधानमन्त्रीलाई चेपुवामा पार्न दरबारले मन्त्रिमण्डलको आकार घटाउन दबाब दियो । दरबारको योजनामा बल पु¥याउँदै गिरीले लेखेका थिए, “मेरो चिठी देखाएर मन्त्रीहरुलाई राजीनामा गराउन सक्नुभयो भने तपाईंलाई सहज हुनेछ । तपाईंलाई अप्ठ्यारो परेको छ । मेरो यो राजीनामा पत्र देखाएर मन्त्रीहरुलाई भन्नुस्, जसरी डाक्टर गिरीले सहयोग गरे, तपाईंहरु पनि राजीनामा गरेर मलाई सहयोग गर्नुस् । यो पत्रले तपाईंलाई मद्दत मिल्यो भने मेरो अन्तिम सहयोग हुनेछ ।” राजीनामा स्वीकृत नहुँदै गिरी मन्त्रालय जान छोडे । पार्टी संसदीय दलको बैठक बोलाएर बीपीले गिरीको राजीनामा स्वीकार गरे । त्यो बैठकमा उनले भनेका थिए, “म गिरीको राजीनामा स्विकार्छु । सिर्फ यस कुरालाई प्रमाणित गर्नका लागि कि पार्टीका लागि कोही पनि अपरिहार्य छैन ।” अनेकौं प्रयास गर्दा पनि मन्त्री पद नपाएकोमा विश्वबन्धु थापा बीपीका विद्रोही जस्तै भइसकेका थिए । गिरी भन्छन्, “विश्वबन्धुलाई मन्त्री बनाउनुस् न भन्दा बीपी हुँदैन भन्ने । ज्यान गए पनि नमान्ने । रिसको झोंकमा विश्वबन्धुले ‘तपाईं कसरी पार्टीका लागि अपरिहार्य सान्दाइ ?’ भनिदिए । ‘तपाईंले ल्याएको एक व्यक्ति एक पदको मुद्दामा मातृकाबाबुलाई हामीले पार्टीबाट निष्कासन गरेको होइन ? त्यही मुद्दामा पार्टी फुट्यो । आज तपाईंलाई चाहि“ एक व्यक्ति एक पदको नियम नलाग्ने ? तपाईं कसरी दुवै पदका लागि अपरिहार्य हुनुभयो । प्रधानमन्त्री छोड्नुस् भन्दा तपाईंचाहि“ पार्टीका लागि अपरिहार्य’ ?” बीपीका अगाडि बोल्ने हिम्मत कसैको हुँदैनथ्यो । रिसको झोंकमा विश्वबन्धुले त्यति भनेपछि त सन्नाटा छायो । बीपीले २०१७ भदौ ३० गते गिरीको राजीनामा स्वीकृत गरे । (देवकोटा, २०३६ ः ४७३) झन्डै तिन महिना गिरी र प्रधानमन्त्रीबीच सम्बन्ध त्यति राम्रो भएन । २०१७ मङ्सिर २१ गते जापानका युवराज अकिहितो र युवराज्ञी मिची नेपाल आएका थिए । प्रधानमन्त्रीले उनको सम्मानमा मङ्सिर २२ गते बिहान शीतलनिवासमा भोज आयोजना गरे । त्यही मौकामा प्रधानमन्त्रीले गिरीलाई फोन गरे, “तपाईं रिसेप्सनमा आउनु हुन्न ?” गिरी, “आउँछु ।” बीपी, “त्यसो भए मलाई पनि लिएर जानुहोला ।” गिरी गाडी लिएर प्रधानमन्त्री निवास पुगे । गिरीकै मोटरमा शीतलनिवास जाँदा बीपीले सोधे, “त्यस्तो चिठी तपाईंले किन लेख्नुभयो ?” गिरी, “जुन बेला मैले चिठी पठाएँ । मेरो अनुमान थियो कि तपाईंको ममाथि विश्वास छ तर अहिले म कन्फर्म छु कि तपाईंको विश्वास मसँग छैन ।” बीपी, “किन ?” गिरी, “मैले चिठी पठाएको यतिका दिनसम्म तपाईंले ‘के भयो ? किन राजीनामा लेखेको ?’ भनेर सोध्नु भएन । तपाईं र मेरो सम्बन्ध यस्तो थियो कि सुशीलले तपाईंलाई मेरो चिठी दिने बित्तिकै पढेर च्यातिदिन सक्नुहुन्थ्यो । र, मलाई फोन गरेर भन्न सक्नुहुन्थ्यो कि क्याहो डाक्टर, बहुलायौ ? यस्तो चिठी लेख्ने ?’ तर तपाईंले लामो समय मेरो चिठी त्यतिकै राख्नुभयो ।” त्यसपछि मात्र बीपीले कुरा खोले, “साथीहरु सिकायत गर्न थाले कि तपाईंको राजासँग सम्बन्ध बढ्न थाल्यो ।” गिरी, “मैले राजालाई भनेकै हो सान्दाइ, ‘प्रधानमन्त्रीको स्वीकृतिबिना हामीलाई भेट्न मनाही छ, मन्त्रीहरुले सोझै राजालाई भेट्नु हुँदैन’ भन्ने छ । मलाई राजाबाट बोलाहट हुँदा मैले बिन्ती गरेको हुँ । तर सरकारबाट हुकुम भयो, ‘म प्रधानमन्त्रीलाई भनिदिन्छु । डन्ट वरी ।’ मैले सोचें— तपाईंलाई मेरो र राजाबीचको भेटबारे सबै थाहा छ ।” शीतलनिवास पुग्दासम्म कुरा भएन । पूरै यात्रा मौन । संसदीय दलमा आगो ‘मन्त्रीहरुले आफू र आफ्ना आसेपासेको मात्र काम गरेको, समान व्यवहार नदेखाएको’ भन्दै सत्तारुढ कांग्रेसकै सांसदहरु सरकारसँग रूष्ट थिए । जननिर्वाचित सांसदहरुको आकांक्षा चुलिएको थियो । तर माग बमोजिम काम गर्न सक्ने साधन, स्रोत र अनुभव सरकारसँग थिएन । त्यसरी रूष्ट सांसदहरुलाई दरबारिया र राजासँग मिलेका कांग्रेसी नै सरकार विरूद्ध उकासिरहेका थिए । त्यही मनमुटाब बढेर पार्टीमा भुसको आगोझैं सल्किँदै गयो । २०१७ जेठको कुरा हो, सांसद मणिराम शास्त्रीको डिल्लीबजारस्थित डेरामा कांग्रेसका असन्तुष्ट सांसदहरुले बैठक गरी ‘मन्त्रीहरुको मनोमानी र भ्रष्टाचार बन्द नभए त्यस विरूद्ध आवाज उठाउने’ सङ्कल्प गरे । बैठकमा चन्द्रलाल श्रेष्ठ, बलबहादुर राई, खड्गबहादुर कार्की, भूदेव राई, पद्मनाथ रेग्मी, कुलमान लिम्बु, तेजमान तुम्बाहाम्फे, कृष्णबहादुर भट्टराई, फत्तेबहादुर बुढाथोकी, अम्बरसिंह बस्नेत, पृथ्वीराज कँडेल, दुर्गादत्त जोशी, कृष्णलाल लेखक, कर्णबहादुर सिंह, जयबहादुर महत, भीमप्रसाद श्रेष्ठ, गणेशकुमार शर्मा, नीलाम्बर पन्थी, यमबहादुर ठकुरी, डिकबहादुर गुरूङ, गृहबहादुर बस्नेत, डबलसिंह लिम्बु, गणेशप्रसाद उपाध्याय, लोकेन्द्रबहादुुर शाही, खडानन्द पाध्या, पेशलकुमार पोखरेल सहित २६ सांसद थिए । भर्खरै संसदीय प्रजातन्त्रको अभ्यास हुँदै थियो । अधिकांश जनप्रतिनिधिहरु जोसिला युवा नै थिए । उनीहरुलाई राजनीतिबारे न त्यति धेरै ज्ञान थियो, न त अनुभव नै । आफ्नो क्षेत्रमा स्कुल, हुलाक, बाटो, पुल लगायतका काम गर्न मन्त्रीहरुले बजेट नदिएकोमा उनीहरु रूष्ट भए । मन्त्रीहरुका गलत काम विरूद्ध एक भएर अगि बढ्ने भन्दै उनीहरुले प्रधानमन्त्रीलाई संयुक्त विरोध पत्र बुझाइसकेका थिए । (देवकोटा, २०३६ ः ३७८–७९) शास्त्रीको डेरामा कांग्रेसका असन्तुष्ट सांसदहरुको भेला चलिरहँदा पत्रकार भैरव रिसाल त्यहीँ पुगेका थिए । त्यो बेला प्रजातन्त्रवादी र वामपन्थी धारका पत्रिका चल्थे । वामपन्थी धारका रिसालले हालखबरमा समाचार छापे ‘नेतापीडित कांग्रेसीको गुप्त बैठक’ शीर्षकमा । त्यो समाचारले हङ्गामा भइहाल्यो । शास्त्री संसद्मा पनि कडा रुपमा प्रस्तुत हुनेमध्येमा पर्थे । एक दिन ग्यालरी बैठकमा प्रधानमन्त्री बीपीले शास्त्रीलाई भने, “तपाईं बस्नुस् । मलाई भेटेर मात्र जानुहोला ।” बैठक सकिएपछि शास्त्री संसद् भवनस्थित प्रधानमन्त्री कार्यालय पुगे । बीपीले फेरि उनलाई एक्लै प्रधानमन्त्री निवास त्रिपुरेश्वरमा बोलाए । दिउसो शास्त्री पुग्दा प्रधानमन्त्री निवास सुनसान थियो । प्रधानमन्त्रीकी आमा दिव्या कोइराला नाङ्लोमा चामल केलाउँदै थिइन् । भ¥याङबाट माथि चढ्दै गर्दा शास्त्रीले आमा–छोराबीच कुरा भइरहेको सुने । शास्त्री भन्छन्, “हैन हो बाबु, के गर्नु, मातृकाले घर बनाइसक्यो । अब त प्रधानमन्त्री भन्छन् क्या । एउटा घर पनि छैन हाम्रो ।” निवासको अर्को कोठामा रेडियो नेपालका कर्मचारी प्रधानमन्त्रीको वक्तव्य रेकर्ड गर्ने प्रतीक्षामा थिए । बीपीले भने, “नकराउनु न आमा ! अरुको बन्दा हाम्रो घर पनि बन्छ नि । बन्छ । बिस्तारै बन्छ ।” रेडियोका लागि वक्तव्य रेकर्ड गराएपछि बीपीले शास्त्रीसँग भेटेर भने, “हैन, तपाईंहरुको भनाइ के हो ? संसद्मा केही भएन भनेर बोलिरहनुभएको छ !” शास्त्रीले भने, “जिल्लाबाट जितेर आएका छौं । केही काम गरौं भन्ने छ । स्कुल, बाटो, हुलाक, पुल केही छैन । जनताले दुःख पाएका छन् तर मन्त्रीहरु हामीलाई भेट समेत दिँदैनन् ।” बीपीले भने, “तपाईंले संसद्मा चर्को आवाज उठाउनुभयो भन्दैमा म तपाईंलाई नदिऊँ भन्ने कहाँ ठान्छु र ? तपाईंको क्षेत्रमा राम्रो काम भयो भने परोक्ष रुपमा त्यसको जस त मलाई पनि आउँछ । तर दिन सक्ने अवस्थामा हामी छैनौं । हाम्रो बजेट कति छ, तपाईंहरुलाई थाहै छ ।” शास्त्रीले भने, “हामी त्यसै रूष्ट भएका होइनौं । पहाड र अविकसित ठाउँमा कामै भएको छैन ।” बीपीले भित्तातिर देखाउँदै भने, “एकातिर बजेट अत्यन्त कम छ, अर्कोतिर उः त्यसले कुनै काम गर्न दिएकै हैन ।” भित्तामा राजा महेन्द्रको तस्बिर राखिएको थियो । मणिराम बुरूक्क उफ्रिए, “त्यसले काम गर्न दिएन भन्नुहुन्छ । हिजो संसद् हैन, संविधान सभाको चुनाव गरौं भन्दा तपाईंले नै संसद्को चुनावमा लगेको हैन ? हामी सारा कार्यकर्ता संविधान सभाको पक्षमा थियौं ।” बीपीले भने, “दिन्थ्यो नि राजाले संविधान सभाको चुनाव । देख्नु भएन ? २००९ सालमा गर्ने भने टारे, २०१२ मा गर्ने भने फेरि टारे । संविधान सभा मात्र भनेर बसेको भए त कहिल्यै चुनावै हुने थिएन । जनताले २००७ सालको क्रान्ति पनि भुलिसक्ने थिए । त्यसपछि कति मानिस अडिएर बस्न सक्थे र पार्टीमा । कम से कम चुनाव भएपछि गाउँगाउँमा प्रजातन्त्रको जरा त पुगेको छ ।” झन्डै एक घण्टाको वार्तालापपछि बीपीले भने, “ल मणिरामजी, तपाईं जानोस्, जे जे गर्न सकिन्छ, म गर्न लगाउँछु ।” सांसदहरु सरकारको कामबाट असन्तुष्ट छन् भन्ने लागेर एक दिन बीपीले संसदीय दलका सचिव अच्युतराज रेग्मीलाई बोलाएर भने, “ल, अब सांसदहरुलाई समूहमा बोलाउनुस् । म सबैसँग भेटेर कुरा गर्छु ।” रेग्मीले पूर्व क्षेत्रका २५ जना सांसदलाई पहिलो दिन बोलाए ललिता निवासमा । निक्कै गरमागरम छलफल भयो । एक जना सांसदले जुरूक्क उठेर भने, “बीपी बाबु, हाम्रो क्षेत्रमा काम भएन । मन्त्रीहरुले भ्रष्टाचार गरेका छन् । पार्टी बदनाम हुँदै छ । अरु त के, तपाईंकै पीए तारिणीप्रसाद कोइरालाले समेत भ्रष्टाचार गरेका छन् । घुस खाएर फलानालाई इन्स्पेक्टर बनाए ।” बीपीले तत्क्षण तारिणीलाई बोलाएर भने— “ल, भोलिदेखि तँ अफिस नआउनू !” त्यसपछि भेटघाटको कार्यक्रम हुन पाएन । अविश्वास ल्याउने योजना “निर्वाचित सरकार बनेसँगै राजनीतिमा राजाको प्रत्यक्ष हस्तक्षेप घट्तै गयो र प्रशासन सञ्चालन गर्ने अधिकार पनि मन्त्रिपरिषद्मा स¥यो । अनि दरबारभन्दा प्रधानमन्त्री महङ्खवपूर्ण भए । मन्त्री र सचिवहरु पनि राजाभन्दा महत्त्वपूर्ण भए । मानिसहरु राजाको चाकडीमा जान छाडे । निवेदन वा माग आदि जनताका जे जे काम हुन्थे, ती सबै मन्त्रालयमा आउन थाले । त्यो राजाका लागि असह्य भयो ।” (कोइराला, २०७१ ः १२७) सरकार यही गतिमा अगि बढ्ने हो भने राजतन्त्रको अस्तित्व रहँदैन भनेर धूर्त राजा कांग्रेस संसदीय दल फुटाउने रणनीतिमा सक्रिय भए । सांसदहरुलाई राजदरबारमा बोलाउने, रानी आफैंले बनाएर चिया–पानी गराउने र अनेकौं प्रलोभन देखाएर किन्ने अभियान नै चलाए । (कोइराला, २०६७ ः २२७) प्रधानमन्त्रीलाई कमजोर बनाउन राजाले उनका दायाँ र बायाँ हात भनेर मानिने मन्त्री डा. तुलसी गिरी र प्रमुख सचेतक विश्वबन्धु थापालाई सबैभन्दा पहिला विश्वासमा लिइसकेका थिए । दुवैबाट बीपी र सरकारका कमजोरीबारे सूचना पाएपछि दरबारले कांग्रेस संसदीय दलमा विभाजन गराउने र सरकारलाई असफल बनाउने अभियान तीव्र बनाएको थियो । राजासँगको समीपमा पुगेपछि कांग्रेसकै पूर्व महामन्त्रीद्वय तुलसी गिरी र विश्वबन्धु थापा सरकारलाई कमजोर बनाउने षड्यन्त्रमा राजाका सारथि भइसकेका थिए । प्रधानमन्त्रीको स्वीकृतिबिना मन्त्री र सांसदलाई राजासँग भेट्न रोक लगाइएको थियो तर गिरी र थापा भने सरकारी मोटर चढेर सिधै दरबार छिरिदिन्थे । राजासँगको हिमचिमका कारण दुवै जना कांग्रेस र विपक्षी सांसदहरुलाई बीपी विरूद्व भड्काउन सक्रिय भइसकेका थिए । यस्तैमा एक दिन गिरीको घरमा विपक्षी दलका नेता भरतशमशेरलाई बोलाएर थापाले भने, “कांग्रेसका ३० सांसद हाम्रो पक्षमा आइसकेका छन् । तपाईंलाई पनि एउटा मन्त्रालय दिन्छौं । सहयोग गर्नुप¥यो ।” (गौतम, २०६१ ः ५४) थापाले मन्त्रीको आस देखाएर राणालाई प्रभावमा पार्ने प्रस्ताव गरिरहँदा तुलसी गिरी र डा. नागेश्वर सिंह पनि साथमा थिए । तर, भरतशमशेरले त्यसलाई अस्वीकार गरिदिए । थापाले कांग्रेसकै महामन्त्री श्रीभद्र शर्मालाई समेत बीपी विरूद्ध उकासे । बीपीले सरकार बनाउने बेलामा शर्माको नाम अन्तिम समयमा मन्त्रीको लिस्टबाट हटाएको थियो । त्यही कारण उनलाई पनि बीपी विरूद्ध उकास्न सकिन्छ भन्ने थापाको आँकलन थियो । शर्माले भनेका छन्, “बीपीले चाहेर पनि मलाई सरकारमा समावेश गर्न सक्नु भएन । त्यही कुराको फाइदा उठाएर मलाई पनि भड्काउन सकिन्छ कि भन्ने थापाको सोचाइ थियो । तर मैले उनलाई भनें, “मस“ग आस नगर्नु नै वेश हुनेछ ।” (शर्मा, २०५७ ः ४४) बीपीलाई सत्ताच्युत गर्ने र संसदीय व्यवस्था असफल पार्ने दरबारिया षड्यन्त्र चुलीमा पुगेको बेला ‘राजाले आज लिन्छन्, भोलि लिन्छन्’ भन्ने हल्ला चलाइयो । त्यस्तैमा एक दिन विपक्षी दलका नेता भरतशमशेरले बीपीलाई भेटेर दरबारले कांग्रेस संसदीय दलभित्र विद्रोह सृष्टि गरे आफू प्&",Opinion,Entertainment,0.72942996,10851,1732
"﻿ ५ मंसिर, काठमाडौं । सेयर बजारमा आज उच्च अंकको गिरावट आएको छ । कारोबार अवधिमा उच्च गिरवाटका कारण सर्किट ब्रेक लागेको दिनमा सेयर बजार परिसूचक १६ सय अंकबाट तल झरेको छ । आज मात्रै सेयर बजार ५८.४६ अंकले गिरेको छ । १६५७ अंकबाट कारोबार सुरु भएको सेयर बजार बन्द हुँदा १५९९.६२ अंकमा आइपुग्यो । यो गिरावट समग्र बजारको साढे ३ प्रतिशतभन्दा बढीको हो । कारोबार अवधिमा बजार ८० अंकसम्म झरेको थियो । तर, केही सम्हालिँदै बन्द भएको बजार पूर्ण रुपमा भने पुरानो स्थितिमा फर्किन सकेन । आइतबार सबै समूह रातो भए । बीमा समूह ४ सय अंकले ओरालो लाग्दा बैंकिङ समूहमा ५८ अंकको गिरावट देखियो । होटल समूह ३५ अंकले रातो भयो भने विकास बैंकको उपसूचक ५३ अंकले झर्‍यो । जलविद्युत ८६, फाइनान्स ३०, उत्पादन २० र टेलिकम सूचीकृत अन्य समूह ४ अंकले ओर्लिए । आज १ सय २७ कम्पनीको १ अर्ब २४ करोड ५१ लाख रुपैयाँको सेयर खरिद बिक्री भयो । आइतबार ८ कम्पनीका लगानीकर्ताले मात्रै कमाए । साझा विकास बैंक र सेती फाइनान्सका लगानीकर्ताले प्रतिशतका आधारमा बढी नाफा कमाए । सेयर मूल्य घटेर पनि एभरेष्ट बैंकको कारोबार अरुको भन्दा धेरै छ । दिभरमा एभरेष्ट बैंकको १८ करोड ६५ लाख रुपैयाँ बराबरको सेयर कारोबार भयो । बैंकले ७० प्रतिशत बोनस र ३० प्रतिशत हकप्रद सेयर दिने घोषणा गरेपनि कम्पनीको सेयर मूल्य लगातार तल झरिरहेको छ । ३० प्रतिशत बोनस र ७० प्रतिशत हकप्रद सेयर दिने बताएको नेशनल लाइफ इन्स्योरेन्सो सेयर मूल्य तीन हजार ३४१ रुपैयाँमा झरेको छ । बजारमा देखिएको गिरावटलाई सेयर बिश्लेषकले ‘मार्केट करेक्सन’ भनेका छन् ।",Economy,Bank,0.7293844,1354,250
"﻿बढ्दो बजारमा पोर्टफोलियो व्यवस्थापनमा कति ध्यान दिने ? अथवा, जुन नाफा हुन्छ त्यही सेयर किन्ने कि पोर्टफोलियो व्यवस्थापनमा लाग्ने ? राम्रोसँग पोर्टफोलियो व्यवस्थापन गर्दा यसले सुख–दु:ख दुवै अवस्थामा सहयोग गर्छ । तर, अहिले बजारमा धेरै लगानीकर्ताले पोर्टफोलियो बनाउने होइन, बिगार्ने काम गरिरहेको देखिन्छ । एक वर्षदेखि नबढेको बैंकको सेयर बेचेर एक महिनामै ७० प्रतिशत महँगिएको बिमाको सेयरमा लगानी बढाइरहेको देखिन्छ । लगानीका हिसाबले यो राम्रो निर्णय होइन । लगानीकर्ताको यस्तो निर्णयले बैंकको सेयर बढ्दै नबढ्ने र बिमाको सेयर बढेको बढ्यै गर्ने गरेको छ । तर, सचेत लगानीकर्ताले पोर्टफोलियो व्यवस्थापनमा ध्यान दिनुपर्छ । त्यो जरुरी छ । नेपाली बजारमा पोर्टफोलियो व्यवस्थापन कसरी गर्न सकिन्छ ? पोर्टफोलियो व्यवस्थापन गर्ने भनेको कुनै एउटै कम्पनी वा एउटै समूहभित्रका कम्पनी अथवा एउटै प्रकृतिका व्यवसाय गर्ने कम्पनीमा लगानी केन्द्रीकृत नगरी विभिन्न क्षेत्रमा लगानी विविधीकरण गर्ने काम हो । कम्पनीको विगतलाई हेरेर ५–१० वर्षदेखि लाभांश दिँदै आएका र सेयरधनीप्रति जिम्मेवार व्यवस्थापन भएका कम्पनीको सेयर किन्दा राम्रो हुन्छ । नाफाको सम्भावना हेरेर फरक–फरक किसिमका कम्पनीमा लगानी गर्नु उचित हुन्छ । बराबर प्रतिफल दिने कम्पनीमध्ये बैंकमा लगानी गर्नु ठीक कि बिमामा ? प्रतिफल बराबर दिए पनि जोखिम वहन गर्ने क्षमता कति छ भन्नेमा भर पर्छ । लगानीकर्ताको अपेक्षा के हो भन्नेले पनि असर पार्छ । छोटो समयमा पुँजीगत लाभ खोजेको हो भने त्यसका लागि जोखिम वहन गर्ने क्षमता पनि बढाउनुपर्छ । त्यस्ता लगानीकर्ताले बिमाको सेयर किन्दा हुन्छ । बिमाका सेयरको आपूर्ति कम, आकर्षक नाफा र राम्रो भविष्य पनि छ । धेरै जोखिम वहन गर्न नचाहने र दीर्घकालीन रूपमा लगानी गर्ने लगानीकर्ताका लागि बैंकको सेयर उपयुक्त हुन सक्छ । अहिले पनि बैंकको सेयरमा प्रतिफल राम्रो छ । यसकारण तपाईं व्यापारी बन्ने कि लगानीकर्ता बन्ने भन्नेमा पहिले प्रस्ट हुनुपर्छ । अहिले कुनै सेयर किनेपछि कति प्रतिशतसम्म पुँजीगत लाभ (नाफा) को अपेक्षा गर्नु ठीक हुन्छ ? सेयर मूल्य धेरै बढ्ने सम्भावना छ र जोखिम कम छ भने बढी प्रतिफल कुर्ने हो । जोखिम बढ्दै गयो र थप महँगिने सम्भावना घट्यो भने बेच्नुपर्छ । प्रतिफलको अपेक्षा जति धेरै बढाइन्छ, त्यसमा हुन सक्ने जोखिमको मात्रा पनि त्यति नै बढ्दै जान्छ । त्यसकारण आफ्नो जोखिम वहन गर्ने क्षमतालाई पनि आधार मान्नुपर्छ । सामान्यतया अहिलेको बजारमा मासिक १० देखि २० प्रतिशतसम्म पुँजीगत लाभ पाउने अवस्थामा सेयर बेचिदिँदा हुन्छ । अरूभन्दा बढी नाफा कमाउन अनुभवी लगानीकर्ताले कस्ता रणनीति अपनाउछन् ? सेयर बजार भनेको पढेरभन्दा परेर जानिने ठाउँ हो । तर, सेयर बजारमा पनि हरेक चरणमा नयाँ प्रवृत्ति देखिन्छन् । त्यसले गर्दा कसैलाई पनि पूर्ण अनुभवी भन्न सकिन्न । सामान्यतया बढ्दो बजारमा अनुभवी लगानीकर्ताले सेयर किन्दैनन् । कि बेच्छन् कि होल्ड गर्छन् । किन्ने साना र नयाँ लगानीकर्ताले हो । त्यसकारण त्यस्ता नवप्रवेशीले नै बढ्दो बजारको सबैभन्दा बढी जोखिम बोकेका हुन्छन् । अनुभवी लगानीकर्ताले जस्तोसुकै बढ्दो बजारमा पनि आफ्नो नाफाको लक्ष्य निर्धारण गर्छन् । लक्ष्यअनुसार नाफा भएपछि सेयर बेच्छन् । त्योभन्दा बढीको लोभ गर्दैनन् । यसले उनीहरूलाई सुरक्षित बनाउँछ । आफूले किनेको सेयर धितो राखेर बैंकबाट ऋण पाउन के गर्नुपर्छ ? बैंकले जुनसुकै कम्पनीको सेयर धितोमा राखेर ऋण दिँदैन । यसका लागि हरेक बैंकले कुन–कुन कम्पनीको सेयरलाई धितो स्वीकार गर्ने भन्ने सूची बनाएको हुन्छ । आफूसँग भएको सेयर त्यो सूचीमा परेको छ भने मात्रै ऋण पाइन्छ । ऋण लिनुभन्दा पहिले कुन बैंकले सबैभन्दा सस्तो ब्याजदरमा कर्जा दिन्छ भनेर सचेत हुनुपर्छ । आजको मूल्यका आधारमा हामीले ऋण पाउँदैनौँ । बैंकहरूले कुनै पनि सेयरको १ सय ८० दिनको औसत मूल्यलाई आधार मान्छन् । त्यस्तो औसत मूल्यको ५० देखि ७० प्रतिशतसम्म ऋण पाइन्छ । रकम आफ्नो खातामा आए पनि प्रयोग गरेको अवस्थामा मात्रै ब्याज तिर्नुपर्छ । ऋण लिएर प्रयोग गरिएन भने ब्याज तिर्नुपर्दैन । तर, यसको नराम्रो पक्ष भनेको केही कारणले सेयर मूल्य उच्च दरमा घट्यो वा कुनै प्राकृतिक प्रकोपजस्ता दुर्घटना भए भने बैंकले मार्जिन कल गर्छ । त्यस्तो अवस्थामा आफूले मार्जिन तिर्न सक्नुपर्छ । कम्तीमा ६ महिनालाई ब्याज तिर्न पुग्ने र मार्जिनका लागि अरू केही पैसा आफूसँग राखेर बाँकी पैसा लगानी गर्दा हुन्छ । अहिलेको बजारमा ऋण लिएर सेयर किन्नु कति उचित हुन्छ ? अहिलेको मूल्यमा चिलिमेको सेयर किन्ने हो भने पनि त्यसले दिने लाभांशबाटै साढे ७ प्रतिशत प्रतिफल सुरक्षित छ । अहिले बैंकमा पैसा जम्मा गर्ने हो भने ३ प्रतिशतभन्दा कम ब्याज पाइन्छ । ७ प्रतिशतसम्म सेयर कर्जा नै पाइएको छ । ब्याजदर कम भएकाले अहिलेको अवस्थामा ऋण लिएर सेयर किन्नु नराम्रो होइन । धेरैले त्यसो गरिरहेका पनि छन् । तर, बजारबारे सचेत हुनुपर्छ । लगानी विविधीकरण गर्न सेयरबाहेकका विकल्प के–के छन् ? सेयरमा लगानी गर्नेले व्यापार–व्यवसाय गर्न सक्दैनन् । तर, घरजग्गामा लगानी गर्ने क्रम बढेको छ । सेयरको पैसाले जग्गा किन्ने र त्यही जग्गा धितो राखेर लिएको ऋणले पुन: सेयर किन्ने क्रम बढेको छ । घर–जग्गामा लगानी गर्न धेरै पैसा चाहिन्छ । सेयरमा थोरै–थोरै पैसा पनि लगानी गर्न सकिन्छ । पैसा छ भने सरकारका ऋणपत्र, मुद्दति निक्षेप, जीवन बिमाका पोलिसीजस्ता अन्य उपकरणमा पनि लगानी गर्न सकिन्छ ।प्रस्तुति : विनय बञ्जारा",Economy,Business,0.7202218,4595,762
